ts,trade_id,security_id,delta_shares,fill_price
2025-01-01,20250101_476011360_072315571_6440,476011360,651,96.1793
2025-01-01,20250101_476011360_072315571_6440,072315571,-655,95.5553
2025-01-01,20250101_440625658_839643324_5521,440625658,700,91.3083
2025-01-01,20250101_440625658_839643324_5521,839643324,-663,96.3922
2025-01-01,20250101_423440463_989981424_3542,423440463,688,92.0561
2025-01-01,20250101_423440463_989981424_3542,989981424,-625,101.3943
2025-01-02,20250102_077932049_741809469_8291,077932049,499,94.0526
2025-01-02,20250102_077932049_741809469_8291,741809469,-501,93.7628
2025-01-02,20250102_038882189_601131654_5610,038882189,584,99.9965
2025-01-02,20250102_038882189_601131654_5610,601131654,-550,106.2216
2025-01-04,20250104_416232418_429306986_7159,416232418,677,103.3271
2025-01-04,20250104_416232418_429306986_7159,429306986,-654,106.8976
2025-01-05,20250105_626236969_903231779_3270,626236969,472,102.4168
2025-01-05,20250105_626236969_903231779_3270,903231779,-511,94.5847
2025-01-06,20250106_843351688_201095952_6943,843351688,323,94.5732
2025-01-06,20250106_843351688_201095952_6943,201095952,-293,104.3975
2025-01-07,20250107_338127547_349738713_5286,338127547,629,98.4844
2025-01-07,20250107_338127547_349738713_5286,349738713,-633,97.8573
2025-01-07,20250101_440625658_839643324_5521,440625658,-700,91.2790
2025-01-07,20250101_440625658_839643324_5521,839643324,663,96.4799
2025-01-07,20250107_864615581_097117958_3380,864615581,340,93.7900
2025-01-07,20250107_864615581_097117958_3380,097117958,-347,91.7815
2025-01-08,20250108_970110850_228485908_4469,970110850,473,106.6251
2025-01-08,20250108_970110850_228485908_4469,228485908,-488,103.3286
2025-01-09,20250109_843267474_777200329_2558,843267474,291,103.8009
2025-01-09,20250109_843267474_777200329_2558,777200329,-277,108.9266
2025-01-10,20250104_416232418_429306986_7159,416232418,-677,103.5589
2025-01-10,20250104_416232418_429306986_7159,429306986,654,106.9019
2025-01-10,20250102_077932049_741809469_8291,077932049,-499,94.2663
2025-01-10,20250102_077932049_741809469_8291,741809469,501,93.7673
2025-01-10,20250110_989586553_772358515_6326,989586553,434,94.0570
2025-01-10,20250110_989586553_772358515_6326,772358515,-374,109.1342
2025-01-10,20250110_186855571_115706897_2794,186855571,393,100.3141
2025-01-10,20250110_186855571_115706897_2794,115706897,-434,90.8656
2025-01-11,20250101_476011360_072315571_6440,476011360,-651,96.5609
2025-01-11,20250101_476011360_072315571_6440,072315571,655,95.5482
2025-01-11,20250111_928019730_999570263_7804,928019730,649,104.8665
2025-01-11,20250111_928019730_999570263_7804,999570263,-672,101.2962
2025-01-12,20250105_626236969_903231779_3270,626236969,-472,102.7829
2025-01-12,20250105_626236969_903231779_3270,903231779,511,94.7535
2025-01-12,20250112_972462736_983110157_6015,972462736,299,108.2111
2025-01-12,20250112_972462736_983110157_6015,983110157,-324,99.8042
2025-01-12,20250112_820039907_976694569_9184,820039907,380,89.7601
2025-01-12,20250112_820039907_976694569_9184,976694569,-365,93.4286
2025-01-13,20250106_843351688_201095952_6943,843351688,-323,94.5298
2025-01-13,20250106_843351688_201095952_6943,201095952,293,104.4928
2025-01-14,20250114_103741581_330560588_3421,103741581,359,99.6646
2025-01-14,20250114_103741581_330560588_3421,330560588,-377,94.9674
2025-01-14,20250114_936327429_835543600_0037,936327429,653,90.9009
2025-01-14,20250114_936327429_835543600_0037,835543600,-596,99.5679
2025-01-15,20250107_338127547_349738713_5286,338127547,-629,98.5401
2025-01-15,20250107_338127547_349738713_5286,349738713,633,97.7920
2025-01-15,20250115_189446742_446442712_0143,189446742,630,92.4230
2025-01-15,20250115_189446742_446442712_0143,446442712,-609,95.5634
2025-01-15,20250107_864615581_097117958_3380,864615581,-340,93.8967
2025-01-15,20250107_864615581_097117958_3380,097117958,347,91.9186
2025-01-15,20250115_717961441_297218385_0765,717961441,526,103.1722
2025-01-15,20250115_717961441_297218385_0765,297218385,-553,98.2176
2025-01-15,20250102_038882189_601131654_5610,038882189,-584,100.4270
2025-01-15,20250102_038882189_601131654_5610,601131654,550,106.7328
2025-01-15,20250115_101837512_620582128_7394,101837512,411,92.2719
2025-01-15,20250115_101837512_620582128_7394,620582128,-373,101.5485
2025-01-16,20250116_623638590_211067077_3048,623638590,683,100.7742
2025-01-16,20250116_623638590_211067077_3048,211067077,-753,91.3867
2025-01-16,20250108_970110850_228485908_4469,970110850,-473,106.7195
2025-01-16,20250108_970110850_228485908_4469,228485908,488,103.5281
2025-01-17,20250117_249883894_461672073_8363,249883894,693,96.5181
2025-01-17,20250117_249883894_461672073_8363,461672073,-646,103.4130
2025-01-19,20250112_972462736_983110157_6015,972462736,-299,108.3559
2025-01-19,20250112_972462736_983110157_6015,983110157,324,99.9211
2025-01-19,20250119_524456684_847393827_9315,524456684,565,98.5745
2025-01-19,20250119_524456684_847393827_9315,847393827,-519,107.3462
2025-01-20,20250101_423440463_989981424_3542,423440463,-688,92.0451
2025-01-20,20250101_423440463_989981424_3542,989981424,625,102.1270
2025-01-21,20250121_681861106_083246081_0543,681861106,645,100.3976
2025-01-21,20250121_681861106_083246081_0543,083246081,-713,90.8002
2025-01-21,20250121_331515937_995159467_3560,331515937,441,98.9553
2025-01-21,20250121_331515937_995159467_3560,995159467,-432,101.0285
2025-01-21,20250121_189829966_038112493_4308,189829966,633,103.5777
2025-01-21,20250121_189829966_038112493_4308,038112493,-701,93.5635
2025-01-21,20250121_841114217_546484007_7691,841114217,496,103.5500
2025-01-21,20250121_841114217_546484007_7691,546484007,-487,105.3660
2025-01-21,20250121_094382969_760062769_3442,094382969,344,109.0751
2025-01-21,20250121_094382969_760062769_3442,760062769,-362,103.6964
2025-01-22,20250122_993157250_360846433_4308,993157250,427,107.0800
2025-01-22,20250122_993157250_360846433_4308,360846433,-440,103.7626
2025-01-22,20250122_152800050_631507292_6613,152800050,586,110.1197
2025-01-22,20250122_152800050_631507292_6613,631507292,-671,96.0712
2025-01-23,20250123_939493009_359881268_0037,939493009,512,105.8805
2025-01-23,20250123_939493009_359881268_0037,359881268,-590,91.9483
2025-01-23,20250123_925917291_587319262_3370,925917291,342,99.8003
2025-01-23,20250123_925917291_587319262_3370,587319262,-375,90.8693
2025-01-23,20250123_934635533_528925395_3182,934635533,475,94.2255
2025-01-23,20250123_934635533_528925395_3182,528925395,-483,92.5859
2025-01-24,20250115_717961441_297218385_0765,717961441,-526,103.4191
2025-01-24,20250115_717961441_297218385_0765,297218385,553,98.6549
2025-01-25,20250115_189446742_446442712_0143,189446742,-630,92.6330
2025-01-25,20250115_189446742_446442712_0143,446442712,609,95.8023
2025-01-25,20250114_936327429_835543600_0037,936327429,-653,90.9916
2025-01-25,20250114_936327429_835543600_0037,835543600,596,99.9556
2025-01-25,20250125_751590785_547497209_0137,751590785,314,104.4173
2025-01-25,20250125_751590785_547497209_0137,547497209,-349,94.0122
2025-01-26,20250126_261137289_766470263_6665,261137289,646,106.7296
2025-01-26,20250126_261137289_766470263_6665,766470263,-660,104.4903
2025-01-26,20250126_752609545_959867585_0177,752609545,620,102.2521
2025-01-26,20250126_752609545_959867585_0177,959867585,-587,108.0021
2025-01-27,20250109_843267474_777200329_2558,843267474,-291,104.1395
2025-01-27,20250109_843267474_777200329_2558,777200329,277,109.2958
2025-01-27,20250127_921798305_861556163_6547,921798305,438,98.3695
2025-01-27,20250127_921798305_861556163_6547,861556163,-412,104.4158
2025-01-27,20250127_056105767_172870820_5127,056105767,428,93.8293
2025-01-27,20250127_056105767_172870820_5127,172870820,-438,91.6988
2025-01-28,20250128_770756919_342444633_0800,770756919,509,97.3067
2025-01-28,20250128_770756919_342444633_0800,342444633,-489,101.4778
2025-01-28,20250112_820039907_976694569_9184,820039907,-380,90.0399
2025-01-28,20250112_820039907_976694569_9184,976694569,365,93.8352
2025-01-28,20250111_928019730_999570263_7804,928019730,-649,104.9536
2025-01-28,20250111_928019730_999570263_7804,999570263,672,101.2040
2025-01-28,20250115_101837512_620582128_7394,101837512,-411,92.7637
2025-01-28,20250115_101837512_620582128_7394,620582128,373,101.8666
2025-01-29,20250129_682683664_671609145_8885,682683664,516,108.2377
2025-01-29,20250129_682683664_671609145_8885,671609145,-540,103.3461
2025-01-29,20250114_103741581_330560588_3421,103741581,-359,100.3558
2025-01-29,20250114_103741581_330560588_3421,330560588,377,94.8443
2025-01-29,20250129_610316863_842507912_7773,610316863,667,95.5404
2025-01-29,20250129_610316863_842507912_7773,842507912,-644,98.9112
2025-01-30,20250116_623638590_211067077_3048,623638590,-683,100.7361
2025-01-30,20250116_623638590_211067077_3048,211067077,753,91.8068
2025-01-30,20250117_249883894_461672073_8363,249883894,-693,97.2010
2025-01-30,20250117_249883894_461672073_8363,461672073,646,103.4733
2025-01-30,20250130_457848634_704542495_0831,457848634,385,107.2387
2025-01-30,20250130_457848634_704542495_0831,704542495,-422,97.7872
2025-01-30,20250110_989586553_772358515_6326,989586553,-434,94.6325
2025-01-30,20250110_989586553_772358515_6326,772358515,374,109.1417
2025-01-30,20250130_187367544_150633282_0973,187367544,398,110.6346
2025-01-30,20250130_187367544_150633282_0973,150633282,-437,100.7651
2025-01-30,20250110_186855571_115706897_2794,186855571,-393,100.4715
2025-01-30,20250110_186855571_115706897_2794,115706897,434,91.1187
2025-01-31,20250121_331515937_995159467_3560,331515937,-441,99.0925
2025-01-31,20250121_331515937_995159467_3560,995159467,432,101.3288
2025-01-31,20250121_189829966_038112493_4308,189829966,-633,103.9356
2025-01-31,20250121_189829966_038112493_4308,038112493,701,93.5939
2025-01-31,20250131_404341761_323088340_0686,404341761,614,98.6413
2025-01-31,20250131_404341761_323088340_0686,323088340,-556,108.8951
2025-01-31,20250131_279862784_419980308_4551,279862784,592,98.9304
2025-01-31,20250131_279862784_419980308_4551,419980308,-629,93.0525
2025-02-01,20250127_056105767_172870820_5127,056105767,-428,94.1079
2025-02-01,20250127_056105767_172870820_5127,172870820,438,91.9460
2025-02-02,20250121_841114217_546484007_7691,841114217,-496,104.0230
2025-02-02,20250121_841114217_546484007_7691,546484007,487,105.4297
2025-02-02,20250202_206377751_337956181_0950,206377751,304,109.3920
2025-02-02,20250202_206377751_337956181_0950,337956181,-369,90.1712
2025-02-02,20250202_931205667_270152889_7633,931205667,496,107.5379
2025-02-02,20250202_931205667_270152889_7633,270152889,-511,104.4427
2025-02-03,20250203_203121503_926868703_4406,203121503,360,96.3995
2025-02-03,20250203_203121503_926868703_4406,926868703,-353,98.5282
2025-02-03,20250122_993157250_360846433_4308,993157250,-427,106.9874
2025-02-03,20250122_993157250_360846433_4308,360846433,440,103.9906
2025-02-04,20250204_248169627_974956745_9500,248169627,372,96.8949
2025-02-04,20250204_248169627_974956745_9500,974956745,-362,99.5698
2025-02-04,20250204_330515207_725448936_8466,330515207,413,101.9550
2025-02-04,20250204_330515207_725448936_8466,725448936,-429,97.9777
2025-02-06,20250119_524456684_847393827_9315,524456684,-565,99.2986
2025-02-06,20250119_524456684_847393827_9315,847393827,519,108.1068
2025-02-07,20250126_261137289_766470263_6665,261137289,-646,106.7580
2025-02-07,20250126_261137289_766470263_6665,766470263,660,105.0093
2025-02-07,20250123_934635533_528925395_3182,934635533,-475,94.0841
2025-02-07,20250123_934635533_528925395_3182,528925395,483,92.6159
2025-02-07,20250207_199349998_276060328_2365,199349998,647,104.9261
2025-02-07,20250207_199349998_276060328_2365,276060328,-651,104.4129
2025-02-07,20250130_187367544_150633282_0973,187367544,-398,110.7475
2025-02-07,20250130_187367544_150633282_0973,150633282,437,101.0542
2025-02-07,20250122_152800050_631507292_6613,152800050,-586,110.6534
2025-02-07,20250122_152800050_631507292_6613,631507292,671,96.3664
2025-02-08,20250128_770756919_342444633_0800,770756919,-509,97.3803
2025-02-08,20250128_770756919_342444633_0800,342444633,489,101.8155
2025-02-08,20250208_081878752_870814396_6071,081878752,500,107.1503
2025-02-08,20250208_081878752_870814396_6071,870814396,-578,92.7902
2025-02-09,20250209_509693779_991714420_8985,509693779,487,109.2547
2025-02-09,20250209_509693779_991714420_8985,991714420,-538,98.8667
2025-02-09,20250204_248169627_974956745_9500,248169627,-372,97.0433
2025-02-09,20250204_248169627_974956745_9500,974956745,362,99.6525
2025-02-09,20250121_094382969_760062769_3442,094382969,-344,109.6515
2025-02-09,20250121_094382969_760062769_3442,760062769,362,103.7886
2025-02-09,20250209_195028486_696399352_0984,195028486,362,109.6142
2025-02-09,20250209_195028486_696399352_0984,696399352,-365,108.6127
2025-02-09,20250204_330515207_725448936_8466,330515207,-413,101.9446
2025-02-09,20250204_330515207_725448936_8466,725448936,429,98.0817
2025-02-10,20250129_682683664_671609145_8885,682683664,-516,108.4641
2025-02-10,20250129_682683664_671609145_8885,671609145,540,103.6677
2025-02-10,20250121_681861106_083246081_0543,681861106,-645,100.1501
2025-02-10,20250121_681861106_083246081_0543,083246081,713,90.9091
2025-02-10,20250210_685395384_775483909_9009,685395384,380,100.6192
2025-02-10,20250210_685395384_775483909_9009,775483909,-410,93.2499
2025-02-11,20250123_925917291_587319262_3370,925917291,-342,100.5393
2025-02-11,20250123_925917291_587319262_3370,587319262,375,91.4535
2025-02-11,20250211_477268128_029344093_3322,477268128,556,96.2056
2025-02-11,20250211_477268128_029344093_3322,029344093,-489,109.3687
2025-02-11,20250211_433674249_331925712_2789,433674249,671,99.6797
2025-02-11,20250211_433674249_331925712_2789,331925712,-686,97.4957
2025-02-11,20250211_630882919_930637243_1594,630882919,332,106.6064
2025-02-11,20250211_630882919_930637243_1594,930637243,-354,99.9418
2025-02-12,20250123_939493009_359881268_0037,939493009,-512,106.2440
2025-02-12,20250123_939493009_359881268_0037,359881268,590,92.5060
2025-02-12,20250125_751590785_547497209_0137,751590785,-314,104.5354
2025-02-12,20250125_751590785_547497209_0137,547497209,349,94.6927
2025-02-13,20250213_178380759_375889866_6974,178380759,405,94.5503
2025-02-13,20250213_178380759_375889866_6974,375889866,-376,101.9666
2025-02-14,20250214_187275276_279885669_8142,187275276,614,93.3422
2025-02-14,20250214_187275276_279885669_8142,279885669,-567,101.1209
2025-02-14,20250214_016086829_611308254_5025,016086829,603,97.4010
2025-02-14,20250214_016086829_611308254_5025,611308254,-546,107.4407
2025-02-14,20250214_080689436_609917372_5669,080689436,439,102.2776
2025-02-14,20250214_080689436_609917372_5669,609917372,-458,97.9903
2025-02-14,20250214_617364783_337750016_4608,617364783,453,101.9305
2025-02-14,20250214_617364783_337750016_4608,337750016,-477,96.7509
2025-02-15,20250215_172697105_933776661_5536,172697105,583,95.3791
2025-02-15,20250215_172697105_933776661_5536,933776661,-603,92.2322
2025-02-15,20250126_752609545_959867585_0177,752609545,-620,102.6844
2025-02-15,20250126_752609545_959867585_0177,959867585,587,108.1138
2025-02-15,20250215_915348400_548534963_4772,915348400,664,104.2924
2025-02-15,20250215_915348400_548534963_4772,548534963,-672,102.9939
2025-02-15,20250208_081878752_870814396_6071,081878752,-500,107.3346
2025-02-15,20250208_081878752_870814396_6071,870814396,578,92.8168
2025-02-15,20250209_195028486_696399352_0984,195028486,-362,109.9355
2025-02-15,20250209_195028486_696399352_0984,696399352,365,108.7420
2025-02-16,20250127_921798305_861556163_6547,921798305,-438,98.7506
2025-02-16,20250127_921798305_861556163_6547,861556163,412,104.7872
2025-02-16,20250216_815011468_441094840_6414,815011468,557,103.3417
2025-02-16,20250216_815011468_441094840_6414,441094840,-597,96.3940
2025-02-16,20250130_457848634_704542495_0831,457848634,-385,107.8196
2025-02-16,20250130_457848634_704542495_0831,704542495,422,97.8583
2025-02-17,20250217_659352082_372193001_7109,659352082,424,92.3636
2025-02-17,20250217_659352082_372193001_7109,372193001,-407,96.1502
2025-02-17,20250217_450223327_190800785_0912,450223327,490,99.7516
2025-02-17,20250217_450223327_190800785_0912,190800785,-536,91.1013
2025-02-17,20250131_279862784_419980308_4551,279862784,-592,99.2663
2025-02-17,20250131_279862784_419980308_4551,419980308,629,93.7353
2025-02-17,20250217_693755362_370216832_0810,693755362,623,111.2271
2025-02-17,20250217_693755362_370216832_0810,370216832,-649,106.7831
2025-02-17,20250202_931205667_270152889_7633,931205667,-496,108.0167
2025-02-17,20250202_931205667_270152889_7633,270152889,511,104.9243
2025-02-18,20250218_245773785_630856790_8457,245773785,551,111.8331
2025-02-18,20250218_245773785_630856790_8457,630856790,-671,91.7962
2025-02-18,20250211_433674249_331925712_2789,433674249,-671,99.7206
2025-02-18,20250211_433674249_331925712_2789,331925712,686,97.6477
2025-02-18,20250207_199349998_276060328_2365,199349998,-647,105.1474
2025-02-18,20250207_199349998_276060328_2365,276060328,651,104.8405
2025-02-18,20250129_610316863_842507912_7773,610316863,-667,95.6122
2025-02-18,20250129_610316863_842507912_7773,842507912,644,99.2183
2025-02-18,20250218_211268747_617905379_7849,211268747,641,108.2350
2025-02-18,20250218_211268747_617905379_7849,617905379,-654,105.9712
2025-02-19,20250219_959512269_046057654_5640,959512269,424,94.9273
2025-02-19,20250219_959512269_046057654_5640,046057654,-387,104.0871
2025-02-19,20250219_749560089_252922273_3719,749560089,577,105.7831
2025-02-19,20250219_749560089_252922273_3719,252922273,-584,104.5245
2025-02-19,20250214_016086829_611308254_5025,016086829,-603,97.3745
2025-02-19,20250214_016086829_611308254_5025,611308254,546,107.5645
2025-02-20,20250220_532751020_738560763_1652,532751020,594,91.7674
2025-02-20,20250220_532751020_738560763_1652,738560763,-603,90.4523
2025-02-20,20250131_404341761_323088340_0686,404341761,-614,99.6499
2025-02-20,20250131_404341761_323088340_0686,323088340,556,109.1247
2025-02-20,20250202_206377751_337956181_0950,206377751,-304,109.7904
2025-02-20,20250202_206377751_337956181_0950,337956181,369,90.3510
2025-02-21,20250209_509693779_991714420_8985,509693779,-487,109.3091
2025-02-21,20250209_509693779_991714420_8985,991714420,538,99.0176
2025-02-21,20250203_203121503_926868703_4406,203121503,-360,96.6375
2025-02-21,20250203_203121503_926868703_4406,926868703,353,98.6224
2025-02-21,20250210_685395384_775483909_9009,685395384,-380,100.9358
2025-02-21,20250210_685395384_775483909_9009,775483909,410,93.6422
2025-02-22,20250222_735776014_191402376_8464,735776014,587,105.8890
2025-02-22,20250222_735776014_191402376_8464,191402376,-573,108.5607
2025-02-22,20250222_874116212_385154902_3896,874116212,329,99.5399
2025-02-22,20250222_874116212_385154902_3896,385154902,-322,101.8722
2025-02-22,20250222_821788866_282841775_9069,821788866,421,94.2660
2025-02-22,20250222_821788866_282841775_9069,282841775,-433,91.7632
2025-02-22,20250222_086666246_146549008_5670,086666246,531,107.7747
2025-02-22,20250222_086666246_146549008_5670,146549008,-553,103.3553
2025-02-23,20250214_617364783_337750016_4608,617364783,-453,101.9616
2025-02-23,20250214_617364783_337750016_4608,337750016,477,96.7937
2025-02-24,20250224_907041888_502678897_5745,907041888,616,98.2957
2025-02-24,20250224_907041888_502678897_5745,502678897,-637,95.0616
2025-02-25,20250220_532751020_738560763_1652,532751020,-594,91.7205
2025-02-25,20250220_532751020_738560763_1652,738560763,603,90.5765
2025-02-25,20250225_430793742_409759866_7240,430793742,568,101.6116
2025-02-25,20250225_430793742_409759866_7240,409759866,-524,110.0465
2025-02-26,20250213_178380759_375889866_6974,178380759,-405,94.6179
2025-02-26,20250213_178380759_375889866_6974,375889866,376,102.2607
2025-02-26,20250226_270803084_626181711_1907,270803084,303,104.1023
2025-02-26,20250226_270803084_626181711_1907,626181711,-309,102.0570
2025-02-26,20250226_259742576_783944958_2006,259742576,383,103.7508
2025-02-26,20250226_259742576_783944958_2006,783944958,-421,94.1886
2025-02-26,20250215_915348400_548534963_4772,915348400,-664,104.3668
2025-02-26,20250215_915348400_548534963_4772,548534963,672,103.4018
2025-02-26,20250226_967253938_535849007_2454,967253938,470,107.3524
2025-02-26,20250226_967253938_535849007_2454,535849007,-481,104.9235
2025-02-26,20250226_864697777_081492387_1836,864697777,611,109.5625
2025-02-26,20250226_864697777_081492387_1836,081492387,-694,96.5328
2025-02-27,20250227_105707422_621769416_7246,105707422,408,97.2745
2025-02-27,20250227_105707422_621769416_7246,621769416,-432,91.8375
2025-02-27,20250217_659352082_372193001_7109,659352082,-424,92.5358
2025-02-27,20250217_659352082_372193001_7109,372193001,407,96.4266
2025-02-27,20250211_477268128_029344093_3322,477268128,-556,96.3477
2025-02-27,20250211_477268128_029344093_3322,029344093,489,109.7958
2025-02-27,20250214_080689436_609917372_5669,080689436,-439,102.9620
2025-02-27,20250214_080689436_609917372_5669,609917372,458,98.0350
2025-02-28,20250228_171228627_636456738_9442,171228627,633,93.8634
2025-02-28,20250228_171228627_636456738_9442,636456738,-548,108.4314
2025-02-28,20250219_959512269_046057654_5640,959512269,-424,94.9862
2025-02-28,20250219_959512269_046057654_5640,046057654,387,104.1858
2025-02-28,20250218_245773785_630856790_8457,245773785,-551,111.8027
2025-02-28,20250218_245773785_630856790_8457,630856790,671,92.0715
2025-02-28,20250222_086666246_146549008_5670,086666246,-531,108.0178
2025-02-28,20250222_086666246_146549008_5670,146549008,553,103.4618
2025-02-28,20250228_202235126_848826607_9660,202235126,418,108.2103
2025-02-28,20250228_202235126_848826607_9660,848826607,-416,108.7375
2025-02-28,20250218_211268747_617905379_7849,211268747,-641,108.2454
2025-02-28,20250218_211268747_617905379_7849,617905379,654,106.0760
2025-03-01,20250301_317933980_854160724_6038,317933980,492,104.0276
2025-03-01,20250301_317933980_854160724_6038,854160724,-557,91.9817
2025-03-02,20250302_601336976_210994600_2176,601336976,438,100.5192
2025-03-02,20250302_601336976_210994600_2176,210994600,-445,98.7744
2025-03-02,20250302_859845728_163573634_1074,859845728,603,93.4338
2025-03-02,20250302_859845728_163573634_1074,163573634,-588,95.7696
2025-03-03,20250303_527714645_073988827_1693,527714645,359,103.3932
2025-03-03,20250303_527714645_073988827_1693,073988827,-343,108.0828
2025-03-03,20250303_106633162_514866108_1987,106633162,451,106.6373
2025-03-03,20250303_106633162_514866108_1987,514866108,-438,109.7989
2025-03-03,20250214_187275276_279885669_8142,187275276,-614,93.3737
2025-03-03,20250214_187275276_279885669_8142,279885669,567,101.4436
2025-03-03,20250303_475307919_933340583_0385,475307919,508,98.1098
2025-03-03,20250303_475307919_933340583_0385,933340583,-522,95.4296
2025-03-03,20250225_430793742_409759866_7240,430793742,-568,101.8768
2025-03-03,20250225_430793742_409759866_7240,409759866,524,110.0948
2025-03-03,20250226_864697777_081492387_1836,864697777,-611,109.7617
2025-03-03,20250226_864697777_081492387_1836,081492387,694,96.5199
2025-03-03,20250211_630882919_930637243_1594,630882919,-332,107.2608
2025-03-03,20250211_630882919_930637243_1594,930637243,354,100.1921
2025-03-03,20250303_089614356_011514827_2390,089614356,627,104.2923
2025-03-03,20250303_089614356_011514827_2390,011514827,-678,96.3932
2025-03-04,20250304_463052422_641940601_3356,463052422,620,97.5478
2025-03-04,20250304_463052422_641940601_3356,641940601,-606,99.8199
2025-03-04,20250217_450223327_190800785_0912,450223327,-490,100.0114
2025-03-04,20250217_450223327_190800785_0912,190800785,536,91.2638
2025-03-04,20250217_693755362_370216832_0810,693755362,-623,111.4365
2025-03-04,20250217_693755362_370216832_0810,370216832,649,106.8710
2025-03-05,20250305_277675235_649276366_6039,277675235,436,90.2357
2025-03-05,20250305_277675235_649276366_6039,649276366,-394,99.9581
2025-03-05,20250305_750868589_196460253_9443,750868589,475,93.9808
2025-03-05,20250305_750868589_196460253_9443,196460253,-432,103.2615
2025-03-06,20250215_172697105_933776661_5536,172697105,-583,96.0025
2025-03-06,20250215_172697105_933776661_5536,933776661,603,92.2833
2025-03-07,20250307_310109826_497310733_9044,310109826,494,97.7209
2025-03-07,20250307_310109826_497310733_9044,497310733,-497,97.2691
2025-03-07,20250222_874116212_385154902_3896,874116212,-329,99.5046
2025-03-07,20250222_874116212_385154902_3896,385154902,322,102.3449
2025-03-07,20250222_821788866_282841775_9069,821788866,-421,94.1494
2025-03-07,20250222_821788866_282841775_9069,282841775,433,91.6709
2025-03-07,20250302_601336976_210994600_2176,601336976,-438,100.5481
2025-03-07,20250302_601336976_210994600_2176,210994600,445,98.8482
2025-03-07,20250307_103164798_238925701_2632,103164798,370,106.6151
2025-03-07,20250307_103164798_238925701_2632,238925701,-366,107.7768
2025-03-08,20250216_815011468_441094840_6414,815011468,-557,103.4096
2025-03-08,20250216_815011468_441094840_6414,441094840,597,97.2001
2025-03-08,20250228_202235126_848826607_9660,202235126,-418,108.2995
2025-03-08,20250228_202235126_848826607_9660,848826607,416,108.8703
2025-03-08,20250308_591571368_800941983_3561,591571368,350,103.7502
2025-03-08,20250308_591571368_800941983_3561,800941983,-357,101.6879
2025-03-09,20250309_509845936_409351429_6170,509845936,411,94.0624
2025-03-09,20250309_509845936_409351429_6170,409351429,-358,107.8251
2025-03-09,20250303_106633162_514866108_1987,106633162,-451,106.7154
2025-03-09,20250303_106633162_514866108_1987,514866108,438,109.8556
2025-03-09,20250309_294184840_558190156_0402,294184840,660,105.7155
2025-03-09,20250309_294184840_558190156_0402,558190156,-660,105.6548
2025-03-10,20250305_277675235_649276366_6039,277675235,-436,90.3442
2025-03-10,20250305_277675235_649276366_6039,649276366,394,99.9860
2025-03-10,20250310_840829126_372411942_0792,840829126,674,96.0531
2025-03-10,20250310_840829126_372411942_0792,372411942,-608,106.5691
2025-03-10,20250310_563155720_670401068_5612,563155720,375,105.3434
2025-03-10,20250310_563155720_670401068_5612,670401068,-367,107.6021
2025-03-11,20250219_749560089_252922273_3719,749560089,-577,106.6080
2025-03-11,20250219_749560089_252922273_3719,252922273,584,104.6800
2025-03-11,20250226_259742576_783944958_2006,259742576,-383,104.2508
2025-03-11,20250226_259742576_783944958_2006,783944958,421,94.5250
2025-03-11,20250303_475307919_933340583_0385,475307919,-508,98.2693
2025-03-11,20250303_475307919_933340583_0385,933340583,522,95.6971
2025-03-12,20250227_105707422_621769416_7246,105707422,-408,97.6423
2025-03-12,20250227_105707422_621769416_7246,621769416,432,92.3564
2025-03-12,20250312_258329500_516681609_5547,258329500,284,106.5644
2025-03-12,20250312_258329500_516681609_5547,516681609,-286,105.8447
2025-03-12,20250312_683305887_228960979_8450,683305887,400,109.3179
2025-03-12,20250312_683305887_228960979_8450,228960979,-400,109.4139
2025-03-13,20250222_735776014_191402376_8464,735776014,-587,106.1233
2025-03-13,20250222_735776014_191402376_8464,191402376,573,108.8688
2025-03-13,20250313_120652331_746915640_3186,120652331,670,101.5115
2025-03-13,20250313_120652331_746915640_3186,746915640,-617,110.2409
2025-03-13,20250307_103164798_238925701_2632,103164798,-370,106.5898
2025-03-13,20250307_103164798_238925701_2632,238925701,366,107.8235
2025-03-13,20250303_089614356_011514827_2390,089614356,-627,104.5252
2025-03-13,20250303_089614356_011514827_2390,011514827,678,96.3754
2025-03-14,20250303_527714645_073988827_1693,527714645,-359,103.3037
2025-03-14,20250303_527714645_073988827_1693,073988827,343,108.0475
2025-03-14,20250314_864584877_602276804_3997,864584877,480,107.5438
2025-03-14,20250314_864584877_602276804_3997,602276804,-494,104.5663
2025-03-14,20250302_859845728_163573634_1074,859845728,-603,93.7742
2025-03-14,20250302_859845728_163573634_1074,163573634,588,95.9385
2025-03-14,20250309_294184840_558190156_0402,294184840,-660,105.7507
2025-03-14,20250309_294184840_558190156_0402,558190156,660,105.6448
2025-03-15,20250224_907041888_502678897_5745,907041888,-616,98.6631
2025-03-15,20250224_907041888_502678897_5745,502678897,637,95.9457
2025-03-15,20250315_621758843_332487654_5078,621758843,497,101.3866
2025-03-15,20250315_621758843_332487654_5078,332487654,-536,94.0527
2025-03-15,20250315_993591387_892073721_7988,993591387,631,95.0583
2025-03-15,20250315_993591387_892073721_7988,892073721,-617,97.2083
2025-03-16,20250316_371287442_361568001_2608,371287442,653,103.2844
2025-03-16,20250316_371287442_361568001_2608,361568001,-614,109.9507
2025-03-16,20250307_310109826_497310733_9044,310109826,-494,98.0808
2025-03-16,20250307_310109826_497310733_9044,497310733,497,97.3716
2025-03-16,20250226_967253938_535849007_2454,967253938,-470,107.1886
2025-03-16,20250226_967253938_535849007_2454,535849007,481,104.7183
2025-03-16,20250310_563155720_670401068_5612,563155720,-375,105.5930
2025-03-16,20250310_563155720_670401068_5612,670401068,367,107.6338
2025-03-17,20250317_080161205_177161934_2752,080161205,402,100.3894
2025-03-17,20250317_080161205_177161934_2752,177161934,-392,103.0230
2025-03-18,20250318_086875935_831969870_2302,086875935,387,93.0873
2025-03-18,20250318_086875935_831969870_2302,831969870,-369,97.7365
2025-03-18,20250318_044724810_606523072_1785,044724810,291,108.3082
2025-03-18,20250318_044724810_606523072_1785,606523072,-342,92.0419
2025-03-18,20250226_270803084_626181711_1907,270803084,-303,104.6766
2025-03-18,20250226_270803084_626181711_1907,626181711,309,102.6106
2025-03-18,20250304_463052422_641940601_3356,463052422,-620,97.3399
2025-03-18,20250304_463052422_641940601_3356,641940601,606,100.3958
2025-03-18,20250318_312170074_718724186_0749,312170074,478,108.9341
2025-03-18,20250318_312170074_718724186_0749,718724186,-569,91.4069
2025-03-18,20250318_541376725_456565010_1343,541376725,639,108.9391
2025-03-18,20250318_541376725_456565010_1343,456565010,-722,96.4987
2025-03-18,20250305_750868589_196460253_9443,750868589,-475,93.9252
2025-03-18,20250305_750868589_196460253_9443,196460253,432,103.5068
2025-03-19,20250319_573708281_055513512_1725,573708281,297,103.3472
2025-03-19,20250319_573708281_055513512_1725,055513512,-293,104.5480
2025-03-19,20250314_864584877_602276804_3997,864584877,-480,107.7166
2025-03-19,20250314_864584877_602276804_3997,602276804,494,104.8042
2025-03-19,20250319_263974247_903303485_3921,263974247,342,100.2181
2025-03-19,20250319_263974247_903303485_3921,903303485,-330,103.8518
2025-03-20,20250228_171228627_636456738_9442,171228627,-633,94.1517
2025-03-20,20250228_171228627_636456738_9442,636456738,548,108.7115
2025-03-20,20250320_596402469_145778703_4149,596402469,371,98.9527
2025-03-20,20250320_596402469_145778703_4149,145778703,-386,95.1029
2025-03-20,20250308_591571368_800941983_3561,591571368,-350,104.1758
2025-03-20,20250308_591571368_800941983_3561,800941983,357,101.9077
2025-03-20,20250301_317933980_854160724_6038,317933980,-492,103.8939
2025-03-20,20250301_317933980_854160724_6038,854160724,557,91.8076
2025-03-21,20250316_371287442_361568001_2608,371287442,-653,103.3789
2025-03-21,20250316_371287442_361568001_2608,361568001,614,110.0309
2025-03-21,20250321_105113707_802505735_9176,105113707,374,110.3490
2025-03-21,20250321_105113707_802505735_9176,802505735,-371,111.3372
2025-03-21,20250321_676791011_500144758_1800,676791011,407,93.3530
2025-03-21,20250321_676791011_500144758_1800,500144758,-373,101.8132
2025-03-22,20250322_202749903_186039662_8996,202749903,297,104.0867
2025-03-22,20250322_202749903_186039662_8996,186039662,-328,94.3825
2025-03-22,20250309_509845936_409351429_6170,509845936,-411,94.4694
2025-03-22,20250309_509845936_409351429_6170,409351429,358,107.9074
2025-03-22,20250322_425723964_651355191_2767,425723964,508,109.0092
2025-03-22,20250322_425723964_651355191_2767,651355191,-606,91.4736
2025-03-22,20250322_801375216_509941847_4495,801375216,499,108.6428
2025-03-22,20250322_801375216_509941847_4495,509941847,-544,99.5437
2025-03-22,20250315_993591387_892073721_7988,993591387,-631,95.1441
2025-03-22,20250315_993591387_892073721_7988,892073721,617,97.3533
2025-03-23,20250323_102480461_769043821_3148,102480461,313,101.3768
2025-03-23,20250323_102480461_769043821_3148,769043821,-306,104.0081
2025-03-24,20250318_312170074_718724186_0749,312170074,-478,109.0455
2025-03-24,20250318_312170074_718724186_0749,718724186,569,91.3376
2025-03-24,20250312_683305887_228960979_8450,683305887,-400,109.3514
2025-03-24,20250312_683305887_228960979_8450,228960979,400,109.3672
2025-03-25,20250325_741840926_592018915_1105,741840926,563,98.6330
2025-03-25,20250325_741840926_592018915_1105,592018915,-584,95.0176
2025-03-26,20250318_044724810_606523072_1785,044724810,-291,108.3862
2025-03-26,20250318_044724810_606523072_1785,606523072,342,92.3087
2025-03-26,20250326_194146014_735325409_7877,194146014,488,94.8159
2025-03-26,20250326_194146014_735325409_7877,735325409,-484,95.5844
2025-03-26,20250326_003801943_415799512_0014,003801943,390,99.9125
2025-03-26,20250326_003801943_415799512_0014,415799512,-359,108.3461
2025-03-26,20250310_840829126_372411942_0792,840829126,-674,96.0707
2025-03-26,20250310_840829126_372411942_0792,372411942,608,107.1641
2025-03-27,20250317_080161205_177161934_2752,080161205,-402,100.7217
2025-03-27,20250317_080161205_177161934_2752,177161934,392,102.9435
2025-03-28,20250328_471508828_121677222_9931,471508828,449,104.8655
2025-03-28,20250328_471508828_121677222_9931,121677222,-448,105.1185
2025-03-28,20250328_395714617_377603212_9802,395714617,519,110.7326
2025-03-28,20250328_395714617_377603212_9802,377603212,-622,92.3607
2025-03-29,20250312_258329500_516681609_5547,258329500,-284,107.1083
2025-03-29,20250312_258329500_516681609_5547,516681609,286,106.5082
2025-03-29,20250320_596402469_145778703_4149,596402469,-371,99.0505
2025-03-29,20250320_596402469_145778703_4149,145778703,386,95.0717
2025-03-30,20250330_180051605_738211520_0218,180051605,412,108.8876
2025-03-30,20250330_180051605_738211520_0218,738211520,-460,97.6061
2025-03-31,20250322_202749903_186039662_8996,202749903,-297,104.1748
2025-03-31,20250322_202749903_186039662_8996,186039662,328,94.4503
2025-03-31,20250331_098124746_663526930_8291,098124746,669,99.2834
2025-03-31,20250331_098124746_663526930_8291,663526930,-609,109.2072
2025-04-01,20250401_972042388_188393920_6477,972042388,290,109.1447
2025-04-01,20250401_972042388_188393920_6477,188393920,-332,95.2149
2025-04-01,20250401_888101287_451975718_8701,888101287,462,106.2715
2025-04-01,20250401_888101287_451975718_8701,451975718,-501,98.0001
2025-04-01,20250321_105113707_802505735_9176,105113707,-374,110.5570
2025-04-01,20250321_105113707_802505735_9176,802505735,371,111.4591
2025-04-01,20250401_215700118_628964171_9157,215700118,312,100.6183
2025-04-01,20250401_215700118_628964171_9157,628964171,-336,93.3573
2025-04-01,20250401_808631930_586888052_2542,808631930,611,109.4373
2025-04-01,20250401_808631930_586888052_2542,586888052,-649,103.0228
2025-04-02,20250323_102480461_769043821_3148,102480461,-313,101.6464
2025-04-02,20250323_102480461_769043821_3148,769043821,306,104.2605
2025-04-02,20250313_120652331_746915640_3186,120652331,-670,102.0580
2025-04-02,20250313_120652331_746915640_3186,746915640,617,110.2151
2025-04-03,20250403_623817159_135110188_6934,623817159,336,111.4280
2025-04-03,20250403_623817159_135110188_6934,135110188,-331,112.8683
2025-04-03,20250319_573708281_055513512_1725,573708281,-297,103.7703
2025-04-03,20250319_573708281_055513512_1725,055513512,293,104.4659
2025-04-03,20250322_801375216_509941847_4495,801375216,-499,108.7473
2025-04-03,20250322_801375216_509941847_4495,509941847,544,99.3357
2025-04-03,20250403_687203229_635931556_9751,687203229,504,104.7060
2025-04-03,20250403_687203229_635931556_9751,635931556,-475,111.2112
2025-04-03,20250403_933795584_241029898_3480,933795584,411,106.2614
2025-04-03,20250403_933795584_241029898_3480,241029898,-405,107.9543
2025-04-04,20250325_741840926_592018915_1105,741840926,-563,98.7500
2025-04-04,20250325_741840926_592018915_1105,592018915,584,95.3095
2025-04-04,20250404_086638831_614025252_5205,086638831,367,94.0524
2025-04-04,20250404_086638831_614025252_5205,614025252,-350,98.6553
2025-04-04,20250326_194146014_735325409_7877,194146014,-488,95.0416
2025-04-04,20250326_194146014_735325409_7877,735325409,484,95.9844
2025-04-04,20250315_621758843_332487654_5078,621758843,-497,101.8200
2025-04-04,20250315_621758843_332487654_5078,332487654,536,94.6415
2025-04-05,20250405_602955703_530149191_4269,602955703,546,95.1480
2025-04-05,20250405_602955703_530149191_4269,530149191,-472,110.0804
2025-04-05,20250321_676791011_500144758_1800,676791011,-407,93.5784
2025-04-05,20250321_676791011_500144758_1800,500144758,373,102.3641
2025-04-06,20250406_105712292_772090599_9010,105712292,604,93.7686
2025-04-06,20250406_105712292_772090599_9010,772090599,-563,100.4566
2025-04-06,20250318_541376725_456565010_1343,541376725,-639,109.2253
2025-04-06,20250318_541376725_456565010_1343,456565010,722,96.5567
2025-04-06,20250406_026558232_526188216_2569,026558232,586,104.5222
2025-04-06,20250406_026558232_526188216_2569,526188216,-614,99.7532
2025-04-07,20250318_086875935_831969870_2302,086875935,-387,93.0080
2025-04-07,20250318_086875935_831969870_2302,831969870,369,97.9739
2025-04-07,20250401_808631930_586888052_2542,808631930,-611,109.3853
2025-04-07,20250401_808631930_586888052_2542,586888052,649,103.0149
2025-04-07,20250319_263974247_903303485_3921,263974247,-342,100.3028
2025-04-07,20250319_263974247_903303485_3921,903303485,330,103.9738
2025-04-07,20250407_453173324_008958511_4328,453173324,574,99.3774
2025-04-07,20250407_453173324_008958511_4328,008958511,-569,100.3129
2025-04-08,20250322_425723964_651355191_2767,425723964,-508,109.4503
2025-04-08,20250322_425723964_651355191_2767,651355191,606,91.9072
2025-04-08,20250403_933795584_241029898_3480,933795584,-411,106.2859
2025-04-08,20250403_933795584_241029898_3480,241029898,405,108.0293
2025-04-09,20250409_533115246_335139441_0489,533115246,507,97.5657
2025-04-09,20250409_533115246_335139441_0489,335139441,-479,103.3146
2025-04-09,20250409_342202362_498289481_7329,342202362,546,96.1707
2025-04-09,20250409_342202362_498289481_7329,498289481,-530,99.0179
2025-04-09,20250409_920968535_502489097_3242,920968535,531,104.1574
2025-04-09,20250409_920968535_502489097_3242,502489097,-505,109.5156
2025-04-10,20250404_086638831_614025252_5205,086638831,-367,94.1995
2025-04-10,20250404_086638831_614025252_5205,614025252,350,98.6485
2025-04-11,20250411_516505148_378200593_8570,516505148,423,93.0619
2025-04-11,20250411_516505148_378200593_8570,378200593,-430,91.5187
2025-04-11,20250411_685208594_460786772_0161,685208594,344,103.5540
2025-04-11,20250411_685208594_460786772_0161,460786772,-324,109.8434
2025-04-12,20250401_972042388_188393920_6477,972042388,-290,109.0092
2025-04-12,20250401_972042388_188393920_6477,188393920,332,95.3882
2025-04-12,20250330_180051605_738211520_0218,180051605,-412,108.8544
2025-04-12,20250330_180051605_738211520_0218,738211520,460,97.8994
2025-04-12,20250407_453173324_008958511_4328,453173324,-574,99.4081
2025-04-12,20250407_453173324_008958511_4328,008958511,569,100.4037
2025-04-14,20250328_471508828_121677222_9931,471508828,-449,104.9729
2025-04-14,20250328_471508828_121677222_9931,121677222,448,105.1215
2025-04-14,20250326_003801943_415799512_0014,003801943,-390,99.7740
2025-04-14,20250326_003801943_415799512_0014,415799512,359,108.6710
2025-04-14,20250403_687203229_635931556_9751,687203229,-504,104.7183
2025-04-14,20250403_687203229_635931556_9751,635931556,475,111.2604
2025-04-15,20250415_219935215_807684220_8736,219935215,510,94.6181
2025-04-15,20250415_219935215_807684220_8736,807684220,-440,109.6441
2025-04-15,20250328_395714617_377603212_9802,395714617,-519,110.8061
2025-04-15,20250328_395714617_377603212_9802,377603212,622,92.3244
2025-04-15,20250415_437955933_672624980_6416,437955933,550,91.0509
2025-04-15,20250415_437955933_672624980_6416,672624980,-514,97.3349
2025-04-16,20250405_602955703_530149191_4269,602955703,-546,95.1640
2025-04-16,20250405_602955703_530149191_4269,530149191,472,110.4138
2025-04-16,20250401_888101287_451975718_8701,888101287,-462,107.0386
2025-04-16,20250401_888101287_451975718_8701,451975718,501,98.3118
2025-04-16,20250416_981827876_873875030_5954,981827876,300,110.3067
2025-04-16,20250416_981827876_873875030_5954,873875030,-348,95.2033
2025-04-17,20250411_516505148_378200593_8570,516505148,-423,93.0142
2025-04-17,20250411_516505148_378200593_8570,378200593,430,91.6109
2025-04-17,20250409_342202362_498289481_7329,342202362,-546,96.4058
2025-04-17,20250409_342202362_498289481_7329,498289481,530,98.9955
2025-04-17,20250417_312854104_236406566_8542,312854104,436,96.1524
2025-04-17,20250417_312854104_236406566_8542,236406566,-388,108.1913
2025-04-18,20250403_623817159_135110188_6934,623817159,-336,111.7942
2025-04-18,20250403_623817159_135110188_6934,135110188,331,113.1408
2025-04-18,20250418_545473722_216567944_2697,545473722,511,102.3528
2025-04-18,20250418_545473722_216567944_2697,216567944,-560,93.4761
2025-04-18,20250418_647107852_472035918_9463,647107852,458,104.9502
2025-04-18,20250418_647107852_472035918_9463,472035918,-429,112.1074
2025-04-19,20250331_098124746_663526930_8291,098124746,-669,99.5776
2025-04-19,20250331_098124746_663526930_8291,663526930,609,109.2758
2025-04-19,20250419_652920546_747749566_6925,652920546,476,106.8493
2025-04-19,20250419_652920546_747749566_6925,747749566,-472,107.8215
2025-04-20,20250411_685208594_460786772_0161,685208594,-344,103.5844
2025-04-20,20250411_685208594_460786772_0161,460786772,324,109.8992
2025-04-21,20250406_105712292_772090599_9010,105712292,-604,94.0574
2025-04-21,20250406_105712292_772090599_9010,772090599,563,101.0263
2025-04-21,20250421_163730783_604378704_0296,163730783,437,98.6324
2025-04-21,20250421_163730783_604378704_0296,604378704,-443,97.4420
2025-04-21,20250401_215700118_628964171_9157,215700118,-312,101.2652
2025-04-21,20250401_215700118_628964171_9157,628964171,336,93.2781
2025-04-21,20250421_067117540_994042203_2422,067117540,310,102.9928
2025-04-21,20250421_067117540_994042203_2422,994042203,-310,102.9703
2025-04-22,20250422_701236531_662981176_2865,701236531,698,99.7728
2025-04-22,20250422_701236531_662981176_2865,662981176,-667,104.4962
2025-04-22,20250422_760497757_743115071_7676,760497757,696,96.7952
2025-04-22,20250422_760497757_743115071_7676,743115071,-731,92.1982
2025-04-23,20250423_806593311_319808172_9813,806593311,556,98.9361
2025-04-23,20250423_806593311_319808172_9813,319808172,-497,110.6976
2025-04-23,20250416_981827876_873875030_5954,981827876,-300,110.5542
2025-04-23,20250416_981827876_873875030_5954,873875030,348,95.0977
2025-04-23,20250423_103135280_688615419_9889,103135280,530,102.7927
2025-04-23,20250423_103135280_688615419_9889,688615419,-483,112.9081
2025-04-24,20250424_731762453_595148239_1377,731762453,493,102.2279
2025-04-24,20250424_731762453_595148239_1377,595148239,-513,98.2430
2025-04-24,20250406_026558232_526188216_2569,026558232,-586,105.0563
2025-04-24,20250406_026558232_526188216_2569,526188216,614,99.8027
2025-04-25,20250425_963526218_754308444_9526,963526218,530,108.5569
2025-04-25,20250425_963526218_754308444_9526,754308444,-564,102.1387
2025-04-25,20250425_322191117_583365507_7010,322191117,512,109.1293
2025-04-25,20250425_322191117_583365507_7010,583365507,-497,112.5832
2025-04-25,20250409_533115246_335139441_0489,533115246,-507,98.0884
2025-04-25,20250409_533115246_335139441_0489,335139441,479,103.1076
2025-04-25,20250425_352337786_215037527_0916,352337786,649,92.6353
2025-04-25,20250425_352337786_215037527_0916,215037527,-616,97.6077
2025-04-25,20250409_920968535_502489097_3242,920968535,-531,104.5966
2025-04-25,20250409_920968535_502489097_3242,502489097,505,109.2895
2025-04-25,20250425_598906496_964693663_8799,598906496,670,94.7649
2025-04-25,20250425_598906496_964693663_8799,964693663,-596,106.5314
2025-04-26,20250418_647107852_472035918_9463,647107852,-458,105.1797
2025-04-26,20250418_647107852_472035918_9463,472035918,429,112.1377
2025-04-26,20250426_420762754_690795519_5351,420762754,542,103.3879
2025-04-26,20250426_420762754_690795519_5351,690795519,-595,94.1597
2025-04-27,20250427_261831758_743746112_6632,261831758,708,94.8298
2025-04-27,20250427_261831758_743746112_6632,743746112,-668,100.4772
2025-04-27,20250419_652920546_747749566_6925,652920546,-476,106.9851
2025-04-27,20250419_652920546_747749566_6925,747749566,472,107.8481
2025-04-28,20250428_225147751_053439112_5310,225147751,622,109.3030
2025-04-28,20250428_225147751_053439112_5310,053439112,-729,93.2232
2025-04-29,20250415_219935215_807684220_8736,219935215,-510,94.9497
2025-04-29,20250415_219935215_807684220_8736,807684220,440,109.6954
2025-04-29,20250429_736535270_728561035_1620,736535270,643,103.2166
2025-04-29,20250429_736535270_728561035_1620,728561035,-590,112.4053
2025-04-29,20250429_708613468_520630093_7342,708613468,353,108.3857
2025-04-29,20250429_708613468_520630093_7342,520630093,-367,104.4398
2025-04-29,20250429_661713965_185318762_7408,661713965,535,96.9345
2025-04-29,20250429_661713965_185318762_7408,185318762,-549,94.4527
2025-04-30,20250417_312854104_236406566_8542,312854104,-436,96.1960
2025-04-30,20250417_312854104_236406566_8542,236406566,388,108.4364
2025-05-01,20250501_187294384_843402250_2420,187294384,431,100.7344
2025-05-01,20250501_187294384_843402250_2420,843402250,-411,105.7353
2025-05-01,20250501_588454746_900180549_3685,588454746,466,100.3123
2025-05-01,20250501_588454746_900180549_3685,900180549,-420,111.3732
2025-05-01,20250501_021955076_036307574_0440,021955076,400,102.6830
2025-05-01,20250501_021955076_036307574_0440,036307574,-439,93.5775
2025-05-01,20250501_575123047_890825533_0450,575123047,533,107.8972
2025-05-01,20250501_575123047_890825533_0450,890825533,-571,100.6671
2025-05-01,20250415_437955933_672624980_6416,437955933,-550,91.3507
2025-05-01,20250415_437955933_672624980_6416,672624980,514,97.2290
2025-05-02,20250424_731762453_595148239_1377,731762453,-493,102.3884
2025-05-02,20250424_731762453_595148239_1377,595148239,513,98.2856
2025-05-03,20250421_163730783_604378704_0296,163730783,-437,98.8101
2025-05-03,20250421_163730783_604378704_0296,604378704,443,97.4069
2025-05-03,20250422_701236531_662981176_2865,701236531,-698,100.1355
2025-05-03,20250422_701236531_662981176_2865,662981176,667,104.4778
2025-05-03,20250427_261831758_743746112_6632,261831758,-708,95.0436
2025-05-03,20250427_261831758_743746112_6632,743746112,668,100.5096
2025-05-03,20250422_760497757_743115071_7676,760497757,-696,97.0074
2025-05-03,20250422_760497757_743115071_7676,743115071,731,92.0410
2025-05-04,20250504_905069794_856957794_8682,905069794,411,106.7000
2025-05-04,20250504_905069794_856957794_8682,856957794,-456,96.2665
2025-05-06,20250423_806593311_319808172_9813,806593311,-556,98.8309
2025-05-06,20250423_806593311_319808172_9813,319808172,497,110.5687
2025-05-07,20250418_545473722_216567944_2697,545473722,-511,102.2285
2025-05-07,20250418_545473722_216567944_2697,216567944,560,94.1154
2025-05-07,20250423_103135280_688615419_9889,103135280,-530,102.7689
2025-05-07,20250423_103135280_688615419_9889,688615419,483,113.1476
2025-05-07,20250429_661713965_185318762_7408,661713965,-535,96.7724
2025-05-07,20250429_661713965_185318762_7408,185318762,549,94.7684
2025-05-08,20250508_345522310_565386872_7916,345522310,753,92.0240
2025-05-08,20250508_345522310_565386872_7916,565386872,-621,111.6353
2025-05-08,20250425_322191117_583365507_7010,322191117,-512,109.1983
2025-05-08,20250425_322191117_583365507_7010,583365507,497,112.9930
2025-05-08,20250501_588454746_900180549_3685,588454746,-466,100.4264
2025-05-08,20250501_588454746_900180549_3685,900180549,420,111.3798
2025-05-08,20250425_598906496_964693663_8799,598906496,-670,95.1720
2025-05-08,20250425_598906496_964693663_8799,964693663,596,106.9351
2025-05-09,20250509_990428350_435416636_5406,990428350,333,107.9363
2025-05-09,20250509_990428350_435416636_5406,435416636,-382,94.1095
2025-05-09,20250509_475622403_879517244_1275,475622403,662,92.2253
2025-05-09,20250509_475622403_879517244_1275,879517244,-561,108.8124
2025-05-10,20250501_187294384_843402250_2420,187294384,-431,100.6130
2025-05-10,20250501_187294384_843402250_2420,843402250,411,105.7876
2025-05-10,20250425_352337786_215037527_0916,352337786,-649,93.0111
2025-05-10,20250425_352337786_215037527_0916,215037527,616,97.9183
2025-05-11,20250511_346088960_926593358_8169,346088960,540,95.8072
2025-05-11,20250511_346088960_926593358_8169,926593358,-544,95.1901
2025-05-11,20250501_021955076_036307574_0440,021955076,-400,102.8367
2025-05-11,20250501_021955076_036307574_0440,036307574,439,93.7028
2025-05-11,20250421_067117540_994042203_2422,067117540,-310,103.7930
2025-05-11,20250421_067117540_994042203_2422,994042203,310,103.3227
2025-05-11,20250429_708613468_520630093_7342,708613468,-353,108.4837
2025-05-11,20250429_708613468_520630093_7342,520630093,367,104.2174
2025-05-12,20250512_744564571_059209133_0424,744564571,470,99.1367
2025-05-12,20250512_744564571_059209133_0424,059209133,-444,104.9034
2025-05-12,20250501_575123047_890825533_0450,575123047,-533,108.0208
2025-05-12,20250501_575123047_890825533_0450,890825533,571,100.4642
2025-05-13,20250513_404829094_972853761_7917,404829094,523,109.1657
2025-05-13,20250513_404829094_972853761_7917,972853761,-536,106.6649
2025-05-13,20250425_963526218_754308444_9526,963526218,-530,108.2716
2025-05-13,20250425_963526218_754308444_9526,754308444,564,102.7894
2025-05-14,20250508_345522310_565386872_7916,345522310,-753,92.0801
2025-05-14,20250508_345522310_565386872_7916,565386872,621,111.5089
2025-05-14,20250429_736535270_728561035_1620,736535270,-643,103.2848
2025-05-14,20250429_736535270_728561035_1620,728561035,590,112.2492
2025-05-14,20250514_131666954_126068941_5832,131666954,428,92.4156
2025-05-14,20250514_131666954_126068941_5832,126068941,-402,98.4710
2025-05-15,20250515_691450984_002007565_4378,691450984,439,94.0311
2025-05-15,20250515_691450984_002007565_4378,002007565,-443,93.0418
2025-05-15,20250515_397771865_406737830_7903,397771865,608,97.8430
2025-05-15,20250515_397771865_406737830_7903,406737830,-621,95.8361
2025-05-15,20250426_420762754_690795519_5351,420762754,-542,104.1322
2025-05-15,20250426_420762754_690795519_5351,690795519,595,94.0617
2025-05-17,20250517_181258190_194339337_8244,181258190,624,95.9216
2025-05-17,20250517_181258190_194339337_8244,194339337,-563,106.3320
2025-05-17,20250428_225147751_053439112_5310,225147751,-622,109.7086
2025-05-17,20250428_225147751_053439112_5310,053439112,729,93.2355
2025-05-17,20250517_502283385_327724535_2110,502283385,527,93.2770
2025-05-17,20250517_502283385_327724535_2110,327724535,-478,102.8781
2025-05-18,20250509_990428350_435416636_5406,990428350,-333,108.1278
2025-05-18,20250509_990428350_435416636_5406,435416636,382,94.3017
2025-05-19,20250519_389500589_744881081_4772,389500589,672,92.3905
2025-05-19,20250519_389500589_744881081_4772,744881081,-636,97.6888
2025-05-20,20250520_521625566_091633774_0064,521625566,400,102.7405
2025-05-20,20250520_521625566_091633774_0064,091633774,-387,106.3432
2025-05-20,20250520_422100968_880188249_8799,422100968,345,103.8211
2025-05-20,20250520_422100968_880188249_8799,880188249,-355,100.8995
2025-05-20,20250520_391749461_846650721_3957,391749461,504,107.0063
2025-05-20,20250520_391749461_846650721_3957,846650721,-489,110.3012
2025-05-21,20250504_905069794_856957794_8682,905069794,-411,106.5441
2025-05-21,20250504_905069794_856957794_8682,856957794,456,96.9293
2025-05-21,20250515_691450984_002007565_4378,691450984,-439,94.2628
2025-05-21,20250515_691450984_002007565_4378,002007565,443,93.0335
2025-05-22,20250515_397771865_406737830_7903,397771865,-608,98.0237
2025-05-22,20250515_397771865_406737830_7903,406737830,621,95.9623
2025-05-23,20250523_903957645_462082964_3681,903957645,583,103.7970
2025-05-23,20250523_903957645_462082964_3681,462082964,-633,95.5999
2025-05-23,20250523_807652614_413748378_6066,807652614,397,106.1068
2025-05-23,20250523_807652614_413748378_6066,413748378,-380,110.7850
2025-05-24,20250524_598284873_536259268_7119,598284873,482,99.9695
2025-05-24,20250524_598284873_536259268_7119,536259268,-461,104.5448
2025-05-24,20250524_086291422_686355720_1560,086291422,490,102.7436
2025-05-24,20250524_086291422_686355720_1560,686355720,-548,91.8765
2025-05-25,20250525_601496730_906730374_2931,601496730,329,106.5669
2025-05-25,20250525_601496730_906730374_2931,906730374,-335,104.6543
2025-05-25,20250525_771498574_989721155_1181,771498574,613,107.5329
2025-05-25,20250525_771498574_989721155_1181,989721155,-651,101.2000
2025-05-25,20250514_131666954_126068941_5832,131666954,-428,92.5964
2025-05-25,20250514_131666954_126068941_5832,126068941,402,98.3183
2025-05-26,20250526_723107574_712497034_0966,723107574,362,101.1189
2025-05-26,20250526_723107574_712497034_0966,712497034,-369,99.3069
2025-05-26,20250519_389500589_744881081_4772,389500589,-672,92.4435
2025-05-26,20250519_389500589_744881081_4772,744881081,636,97.6623
2025-05-27,20250512_744564571_059209133_0424,744564571,-470,99.1897
2025-05-27,20250512_744564571_059209133_0424,059209133,444,104.8722
2025-05-27,20250527_695400432_594633609_1155,695400432,652,98.8748
2025-05-27,20250527_695400432_594633609_1155,594633609,-634,101.6264
2025-05-27,20250527_557410386_563134564_1644,557410386,509,105.5952
2025-05-27,20250527_557410386_563134564_1644,563134564,-579,92.8966
2025-05-27,20250517_502283385_327724535_2110,502283385,-527,93.2456
2025-05-27,20250517_502283385_327724535_2110,327724535,478,103.2692
2025-05-27,20250509_475622403_879517244_1275,475622403,-662,92.5037
2025-05-27,20250509_475622403_879517244_1275,879517244,561,108.6966
2025-05-28,20250513_404829094_972853761_7917,404829094,-523,109.6170
2025-05-28,20250513_404829094_972853761_7917,972853761,536,106.8362
2025-05-29,20250524_598284873_536259268_7119,598284873,-482,100.1762
2025-05-29,20250524_598284873_536259268_7119,536259268,461,104.6038
2025-05-29,20250520_521625566_091633774_0064,521625566,-400,102.9546
2025-05-29,20250520_521625566_091633774_0064,091633774,387,106.1970
2025-05-29,20250529_816273452_894145599_4413,816273452,671,95.9614
2025-05-29,20250529_816273452_894145599_4413,894145599,-624,103.1286
2025-05-29,20250529_143007552_792867238_6650,143007552,504,97.6958
2025-05-29,20250529_143007552_792867238_6650,792867238,-466,105.5279
2025-05-30,20250511_346088960_926593358_8169,346088960,-540,96.1830
2025-05-30,20250511_346088960_926593358_8169,926593358,544,95.7823
2025-05-30,20250520_391749461_846650721_3957,391749461,-504,106.8965
2025-05-30,20250520_391749461_846650721_3957,846650721,489,110.3183
2025-05-31,20250531_655633584_965040563_9762,655633584,559,95.8230
2025-05-31,20250531_655633584_965040563_9762,965040563,-570,94.0234
2025-05-31,20250531_768757751_387334421_8300,768757751,399,106.6808
2025-05-31,20250531_768757751_387334421_8300,387334421,-443,96.0488
2025-06-01,20250601_276384524_936861279_1677,276384524,536,106.2450
2025-06-01,20250601_276384524_936861279_1677,936861279,-579,98.3750
2025-06-02,20250523_903957645_462082964_3681,903957645,-583,104.0644
2025-06-02,20250523_903957645_462082964_3681,462082964,633,95.7284
2025-06-02,20250525_601496730_906730374_2931,601496730,-329,106.5449
2025-06-02,20250525_601496730_906730374_2931,906730374,335,104.8771
2025-06-02,20250517_181258190_194339337_8244,181258190,-624,96.0763
2025-06-02,20250517_181258190_194339337_8244,194339337,563,106.6838
2025-06-02,20250527_695400432_594633609_1155,695400432,-652,98.9967
2025-06-02,20250527_695400432_594633609_1155,594633609,634,101.5431
2025-06-02,20250527_557410386_563134564_1644,557410386,-509,105.4378
2025-06-02,20250527_557410386_563134564_1644,563134564,579,92.7965
2025-06-03,20250526_723107574_712497034_0966,723107574,-362,101.3403
2025-06-03,20250526_723107574_712497034_0966,712497034,369,99.3778
2025-06-03,20250523_807652614_413748378_6066,807652614,-397,106.0630
2025-06-03,20250523_807652614_413748378_6066,413748378,380,111.1131
2025-06-04,20250604_815158112_023940246_0945,815158112,586,92.3093
2025-06-04,20250604_815158112_023940246_0945,023940246,-575,94.0295
2025-06-05,20250605_033146781_983840815_0376,033146781,360,93.9388
2025-06-05,20250605_033146781_983840815_0376,983840815,-308,109.9494
2025-06-05,20250605_476527929_637789135_1357,476527929,432,113.4349
2025-06-05,20250605_476527929_637789135_1357,637789135,-488,100.5854
2025-06-06,20250606_517257965_487852094_4779,517257965,419,94.4614
2025-06-06,20250606_517257965_487852094_4779,487852094,-352,112.5525
2025-06-06,20250606_058373753_782885016_2710,058373753,759,91.5822
2025-06-06,20250606_058373753_782885016_2710,782885016,-695,99.9377
2025-06-07,20250531_655633584_965040563_9762,655633584,-559,95.7317
2025-06-07,20250531_655633584_965040563_9762,965040563,570,94.0074
2025-06-07,20250607_459023304_067712977_3147,459023304,378,99.4515
2025-06-07,20250607_459023304_067712977_3147,067712977,-340,110.5668
2025-06-08,20250520_422100968_880188249_8799,422100968,-345,104.2554
2025-06-08,20250520_422100968_880188249_8799,880188249,355,100.9139
2025-06-08,20250524_086291422_686355720_1560,086291422,-490,102.8169
2025-06-08,20250524_086291422_686355720_1560,686355720,548,92.0061
2025-06-09,20250529_143007552_792867238_6650,143007552,-504,97.7543
2025-06-09,20250529_143007552_792867238_6650,792867238,466,105.7198
2025-06-10,20250610_049457711_056409181_4921,049457711,455,94.6332
2025-06-10,20250610_049457711_056409181_4921,056409181,-464,92.7458
2025-06-11,20250525_771498574_989721155_1181,771498574,-613,107.8370
2025-06-11,20250525_771498574_989721155_1181,989721155,651,101.2939
2025-06-11,20250611_633487067_098830890_1627,633487067,437,94.3959
2025-06-11,20250611_633487067_098830890_1627,098830890,-385,107.3093
2025-06-11,20250611_062438707_906433503_6331,062438707,329,108.3199
2025-06-11,20250611_062438707_906433503_6331,906433503,-349,101.9662
2025-06-11,20250611_370546658_618880429_9167,370546658,309,102.7487
2025-06-11,20250611_370546658_618880429_9167,618880429,-332,95.7473
2025-06-12,20250612_874226756_404490349_9684,874226756,500,108.3863
2025-06-12,20250612_874226756_404490349_9684,404490349,-563,96.2318
2025-06-12,20250601_276384524_936861279_1677,276384524,-536,106.4839
2025-06-12,20250601_276384524_936861279_1677,936861279,579,98.3859
2025-06-12,20250529_816273452_894145599_4413,816273452,-671,95.7548
2025-06-12,20250529_816273452_894145599_4413,894145599,624,103.6238
2025-06-12,20250612_689124570_951313404_3642,689124570,406,105.2788
2025-06-12,20250612_689124570_951313404_3642,951313404,-430,99.3487
2025-06-13,20250613_567464629_189276285_0095,567464629,412,99.4341
2025-06-13,20250613_567464629_189276285_0095,189276285,-378,108.3872
2025-06-13,20250607_459023304_067712977_3147,459023304,-378,99.6862
2025-06-13,20250607_459023304_067712977_3147,067712977,340,110.5078
2025-06-13,20250613_825096606_602717470_0325,825096606,549,101.0057
2025-06-13,20250613_825096606_602717470_0325,602717470,-548,101.1473
2025-06-15,20250615_261183658_891036937_8227,261183658,720,93.1215
2025-06-15,20250615_261183658_891036937_8227,891036937,-621,107.9606
2025-06-15,20250605_033146781_983840815_0376,033146781,-360,93.8528
2025-06-15,20250605_033146781_983840815_0376,983840815,308,109.8890
2025-06-15,20250605_476527929_637789135_1357,476527929,-432,113.4495
2025-06-15,20250605_476527929_637789135_1357,637789135,488,100.6191
2025-06-15,20250615_626442714_273901181_1631,626442714,436,107.4567
2025-06-15,20250615_626442714_273901181_1631,273901181,-481,97.4620
2025-06-16,20250616_826911152_525496909_4097,826911152,628,105.2528
2025-06-16,20250616_826911152_525496909_4097,525496909,-630,104.9690
2025-06-16,20250604_815158112_023940246_0945,815158112,-586,92.4641
2025-06-16,20250604_815158112_023940246_0945,023940246,575,93.7804
2025-06-17,20250617_155013446_781247939_1492,155013446,640,92.7438
2025-06-17,20250617_155013446_781247939_1492,781247939,-580,102.2692
2025-06-17,20250617_244010507_061403237_1574,244010507,452,97.9591
2025-06-17,20250617_244010507_061403237_1574,061403237,-465,95.3167
2025-06-17,20250610_049457711_056409181_4921,049457711,-455,94.5764
2025-06-17,20250610_049457711_056409181_4921,056409181,464,92.9349
2025-06-17,20250531_768757751_387334421_8300,768757751,-399,106.6563
2025-06-17,20250531_768757751_387334421_8300,387334421,443,96.4463
2025-06-17,20250617_215278928_833239807_6093,215278928,474,91.7234
2025-06-17,20250617_215278928_833239807_6093,833239807,-445,97.7882
2025-06-18,20250618_152855955_193740529_2617,152855955,455,105.3665
2025-06-18,20250618_152855955_193740529_2617,193740529,-453,105.6609
2025-06-19,20250613_825096606_602717470_0325,825096606,-549,101.0148
2025-06-19,20250613_825096606_602717470_0325,602717470,548,101.2152
2025-06-20,20250620_990904779_224627093_5312,990904779,608,103.9607
2025-06-20,20250620_990904779_224627093_5312,224627093,-610,103.5509
2025-06-21,20250606_517257965_487852094_4779,517257965,-419,94.3704
2025-06-21,20250606_517257965_487852094_4779,487852094,352,112.4337
2025-06-21,20250621_972671975_856321230_0334,972671975,319,110.4938
2025-06-21,20250621_972671975_856321230_0334,856321230,-354,99.5410
2025-06-21,20250621_363061274_547810444_0072,363061274,418,110.1830
2025-06-21,20250621_363061274_547810444_0072,547810444,-433,106.3354
2025-06-21,20250621_384839942_476754448_7646,384839942,674,100.2810
2025-06-21,20250621_384839942_476754448_7646,476754448,-654,103.3838
2025-06-22,20250622_039319173_624609055_9998,039319173,343,102.0942
2025-06-22,20250622_039319173_624609055_9998,624609055,-371,94.3658
2025-06-22,20250611_062438707_906433503_6331,062438707,-329,108.4244
2025-06-22,20250611_062438707_906433503_6331,906433503,349,101.9725
2025-06-22,20250622_505845404_968747928_5722,505845404,478,96.6340
2025-06-22,20250622_505845404_968747928_5722,968747928,-413,111.9647
2025-06-23,20250623_412350783_986249692_6603,412350783,383,93.5087
2025-06-23,20250623_412350783_986249692_6603,986249692,-336,106.6873
2025-06-23,20250623_919500678_262034517_0955,919500678,486,92.0906
2025-06-23,20250623_919500678_262034517_0955,262034517,-438,102.1750
2025-06-24,20250624_245646717_492643782_5289,245646717,380,109.4109
2025-06-24,20250624_245646717_492643782_5289,492643782,-402,103.5105
2025-06-24,20250612_874226756_404490349_9684,874226756,-500,108.7643
2025-06-24,20250612_874226756_404490349_9684,404490349,563,95.9781
2025-06-24,20250606_058373753_782885016_2710,058373753,-759,91.8179
2025-06-24,20250606_058373753_782885016_2710,782885016,695,100.0466
2025-06-25,20250625_335920615_502129590_0058,335920615,320,105.1828
2025-06-25,20250625_335920615_502129590_0058,502129590,-340,98.9970
2025-06-25,20250611_633487067_098830890_1627,633487067,-437,94.1335
2025-06-25,20250611_633487067_098830890_1627,098830890,385,107.7525
2025-06-25,20250612_689124570_951313404_3642,689124570,-406,105.2006
2025-06-25,20250612_689124570_951313404_3642,951313404,430,99.7087
2025-06-26,20250617_244010507_061403237_1574,244010507,-452,97.8601
2025-06-26,20250617_244010507_061403237_1574,061403237,465,95.2050
2025-06-26,20250626_730128383_755963570_6365,730128383,522,111.2986
2025-06-26,20250626_730128383_755963570_6365,755963570,-608,95.6638
2025-06-26,20250618_152855955_193740529_2617,152855955,-455,105.4762
2025-06-26,20250618_152855955_193740529_2617,193740529,453,105.7769
2025-06-26,20250626_749153928_461000693_1733,749153928,565,103.6848
2025-06-26,20250626_749153928_461000693_1733,461000693,-613,95.5444
2025-06-27,20250627_645238315_134030189_8005,645238315,416,109.9156
2025-06-27,20250627_645238315_134030189_8005,134030189,-469,97.6790
2025-06-27,20250627_198520001_757188850_2723,198520001,675,97.9554
2025-06-27,20250627_198520001_757188850_2723,757188850,-699,94.5982
2025-06-28,20250628_111936199_158095354_2560,111936199,532,111.2660
2025-06-28,20250628_111936199_158095354_2560,158095354,-553,107.0546
2025-06-28,20250628_273526783_946681232_8146,273526783,558,108.4677
2025-06-28,20250628_273526783_946681232_8146,946681232,-637,94.9699
2025-06-28,20250628_327457774_117645456_9875,327457774,485,109.9145
2025-06-28,20250628_327457774_117645456_9875,117645456,-562,94.9016
2025-06-28,20250628_413845597_805287356_1276,413845597,718,92.7813
2025-06-28,20250628_413845597_805287356_1276,805287356,-659,101.0072
2025-06-28,20250615_626442714_273901181_1631,626442714,-436,107.2896
2025-06-28,20250615_626442714_273901181_1631,273901181,481,97.3046
2025-06-29,20250623_412350783_986249692_6603,412350783,-383,93.5797
2025-06-29,20250623_412350783_986249692_6603,986249692,336,106.7350
2025-06-29,20250629_974068469_447641554_8787,974068469,275,109.8684
2025-06-29,20250629_974068469_447641554_8787,447641554,-296,101.9319
2025-06-29,20250615_261183658_891036937_8227,261183658,-720,92.9972
2025-06-29,20250615_261183658_891036937_8227,891036937,621,108.2566
2025-06-29,20250611_370546658_618880429_9167,370546658,-309,103.0561
2025-06-29,20250611_370546658_618880429_9167,618880429,332,96.0999
2025-06-30,20250622_039319173_624609055_9998,039319173,-343,102.3069
2025-06-30,20250622_039319173_624609055_9998,624609055,371,94.4739
2025-06-30,20250613_567464629_189276285_0095,567464629,-412,99.6459
2025-06-30,20250613_567464629_189276285_0095,189276285,378,108.0883
2025-06-30,20250630_749993465_368917374_9492,749993465,427,94.3187
2025-06-30,20250630_749993465_368917374_9492,368917374,-399,100.9312
2025-06-30,20250630_660832798_204981867_1829,660832798,487,110.0655
2025-06-30,20250630_660832798_204981867_1829,204981867,-513,104.6689
2025-06-30,20250630_638765974_489345212_7925,638765974,416,107.3360
2025-06-30,20250630_638765974_489345212_7925,489345212,-410,108.8001
2025-06-30,20250630_006671463_148134381_8696,006671463,312,102.3650
2025-06-30,20250630_006671463_148134381_8696,148134381,-283,112.6572
2025-07-01,20250617_155013446_781247939_1492,155013446,-640,92.9706
2025-07-01,20250617_155013446_781247939_1492,781247939,580,102.6458
2025-07-01,20250701_845577179_273530637_8656,845577179,438,109.1322
2025-07-01,20250701_845577179_273530637_8656,273530637,-437,109.4972
2025-07-01,20250701_746124356_961937397_3673,746124356,558,102.4531
2025-07-01,20250701_746124356_961937397_3673,961937397,-513,111.4227
2025-07-02,20250702_906871524_875391974_7574,906871524,372,96.9966
2025-07-02,20250702_906871524_875391974_7574,875391974,-359,100.5364
2025-07-02,20250616_826911152_525496909_4097,826911152,-628,105.1560
2025-07-02,20250616_826911152_525496909_4097,525496909,630,104.9061
2025-07-02,20250621_384839942_476754448_7646,384839942,-674,100.5575
2025-07-02,20250621_384839942_476754448_7646,476754448,654,103.6049
2025-07-03,20250624_245646717_492643782_5289,245646717,-380,109.3140
2025-07-03,20250624_245646717_492643782_5289,492643782,402,103.6295
2025-07-03,20250703_543934698_239013758_7275,543934698,444,111.5823
2025-07-03,20250703_543934698_239013758_7275,239013758,-491,100.9500
2025-07-03,20250620_990904779_224627093_5312,990904779,-608,103.9441
2025-07-03,20250620_990904779_224627093_5312,224627093,610,103.6776
2025-07-04,20250623_919500678_262034517_0955,919500678,-486,92.3864
2025-07-04,20250623_919500678_262034517_0955,262034517,438,102.2169
2025-07-04,20250704_709445965_051841154_7035,709445965,574,111.5596
2025-07-04,20250704_709445965_051841154_7035,051841154,-567,113.1080
2025-07-04,20250621_972671975_856321230_0334,972671975,-319,110.1193
2025-07-04,20250621_972671975_856321230_0334,856321230,354,99.6354
2025-07-04,20250704_800446377_293930777_4115,800446377,432,108.7865
2025-07-04,20250704_800446377_293930777_4115,293930777,-419,112.2344
2025-07-04,20250622_505845404_968747928_5722,505845404,-478,96.4859
2025-07-04,20250622_505845404_968747928_5722,968747928,413,111.7902
2025-07-04,20250621_363061274_547810444_0072,363061274,-418,110.4751
2025-07-04,20250621_363061274_547810444_0072,547810444,433,106.5029
2025-07-05,20250626_749153928_461000693_1733,749153928,-565,103.6124
2025-07-05,20250626_749153928_461000693_1733,461000693,613,95.4749
2025-07-06,20250627_645238315_134030189_8005,645238315,-416,110.1394
2025-07-06,20250627_645238315_134030189_8005,134030189,469,97.7291
2025-07-06,20250701_845577179_273530637_8656,845577179,-438,109.2126
2025-07-06,20250701_845577179_273530637_8656,273530637,437,109.6017
2025-07-06,20250630_638765974_489345212_7925,638765974,-416,107.4944
2025-07-06,20250630_638765974_489345212_7925,489345212,410,108.6809
2025-07-06,20250706_981959669_812662610_3716,981959669,536,94.4297
2025-07-06,20250706_981959669_812662610_3716,812662610,-520,97.3216
2025-07-07,20250702_906871524_875391974_7574,906871524,-372,96.9859
2025-07-07,20250702_906871524_875391974_7574,875391974,359,100.4810
2025-07-07,20250629_974068469_447641554_8787,974068469,-275,110.0151
2025-07-07,20250629_974068469_447641554_8787,447641554,296,101.9757
2025-07-07,20250617_215278928_833239807_6093,215278928,-474,92.0204
2025-07-07,20250617_215278928_833239807_6093,833239807,445,97.9698
2025-07-07,20250707_007431616_316287811_8528,007431616,523,106.0486
2025-07-07,20250707_007431616_316287811_8528,316287811,-521,106.4565
2025-07-08,20250701_746124356_961937397_3673,746124356,-558,102.3346
2025-07-08,20250701_746124356_961937397_3673,961937397,513,111.2746
2025-07-09,20250709_861740028_594377461_8508,861740028,336,92.4533
2025-07-09,20250709_861740028_594377461_8508,594377461,-282,110.0948
2025-07-09,20250709_507961368_937608803_8760,507961368,698,95.2644
2025-07-09,20250709_507961368_937608803_8760,937608803,-664,100.1862
2025-07-10,20250704_709445965_051841154_7035,709445965,-574,111.6227
2025-07-10,20250704_709445965_051841154_7035,051841154,567,113.1391
2025-07-11,20250625_335920615_502129590_0058,335920615,-320,104.7982
2025-07-11,20250625_335920615_502129590_0058,502129590,340,98.8584
2025-07-11,20250711_097098573_743645137_2367,097098573,504,91.7371
2025-07-11,20250711_097098573_743645137_2367,743645137,-459,100.7968
2025-07-11,20250711_760494202_303336265_1194,760494202,602,97.8179
2025-07-11,20250711_760494202_303336265_1194,303336265,-534,110.1928
2025-07-12,20250712_841631844_416283881_5405,841631844,611,104.8137
2025-07-12,20250712_841631844_416283881_5405,416283881,-576,111.0621
2025-07-13,20250627_198520001_757188850_2723,198520001,-675,97.7150
2025-07-13,20250627_198520001_757188850_2723,757188850,699,94.4515
2025-07-13,20250630_660832798_204981867_1829,660832798,-487,110.2576
2025-07-13,20250630_660832798_204981867_1829,204981867,513,104.6858
2025-07-13,20250628_327457774_117645456_9875,327457774,-485,109.8700
2025-07-13,20250628_327457774_117645456_9875,117645456,562,94.5484
2025-07-14,20250714_625246342_896174750_4479,625246342,585,107.3562
2025-07-14,20250714_625246342_896174750_4479,896174750,-579,108.5595
2025-07-14,20250630_749993465_368917374_9492,749993465,-427,94.1380
2025-07-14,20250630_749993465_368917374_9492,368917374,399,100.7815
2025-07-14,20250630_006671463_148134381_8696,006671463,-312,102.0875
2025-07-14,20250630_006671463_148134381_8696,148134381,283,112.9476
2025-07-15,20250715_688678330_053323099_3447,688678330,391,99.9003
2025-07-15,20250715_688678330_053323099_3447,053323099,-370,105.3981
2025-07-15,20250626_730128383_755963570_6365,730128383,-522,111.3251
2025-07-15,20250626_730128383_755963570_6365,755963570,608,95.2861
2025-07-15,20250628_111936199_158095354_2560,111936199,-532,111.5172
2025-07-15,20250628_111936199_158095354_2560,158095354,553,107.1522
2025-07-15,20250628_273526783_946681232_8146,273526783,-558,108.8686
2025-07-15,20250628_273526783_946681232_8146,946681232,637,94.6815
2025-07-15,20250709_507961368_937608803_8760,507961368,-698,95.2316
2025-07-15,20250709_507961368_937608803_8760,937608803,664,100.0630
2025-07-16,20250716_971847802_090470547_7276,971847802,650,97.9652
2025-07-16,20250716_971847802_090470547_7276,090470547,-628,101.3484
2025-07-16,20250716_371130966_111252720_3883,371130966,473,112.4947
2025-07-16,20250716_371130966_111252720_3883,111252720,-504,105.6240
2025-07-16,20250628_413845597_805287356_1276,413845597,-718,93.1780
2025-07-16,20250628_413845597_805287356_1276,805287356,659,101.0538
2025-07-17,20250717_970998434_197298661_1389,970998434,367,97.8732
2025-07-17,20250717_970998434_197298661_1389,197298661,-326,110.1727
2025-07-17,20250717_882733335_882749582_1615,882733335,643,95.1903
2025-07-17,20250717_882733335_882749582_1615,882749582,-641,95.5512
2025-07-17,20250707_007431616_316287811_8528,007431616,-523,106.2099
2025-07-17,20250707_007431616_316287811_8528,316287811,521,106.6153
2025-07-18,20250718_363568431_719205571_9821,363568431,488,101.0349
2025-07-18,20250718_363568431_719205571_9821,719205571,-439,112.4688
2025-07-18,20250718_026424848_609694983_6300,026424848,521,109.9722
2025-07-18,20250718_026424848_609694983_6300,609694983,-521,110.0834
2025-07-19,20250709_861740028_594377461_8508,861740028,-336,92.6393
2025-07-19,20250709_861740028_594377461_8508,594377461,282,110.2711
2025-07-20,20250720_868570220_719759048_0334,868570220,579,99.8625
2025-07-20,20250720_868570220_719759048_0334,719759048,-593,97.5151
2025-07-20,20250720_188284372_711337753_4501,188284372,324,93.7848
2025-07-20,20250720_188284372_711337753_4501,711337753,-311,97.7952
2025-07-20,20250720_453732105_552102019_6952,453732105,473,101.3368
2025-07-20,20250720_453732105_552102019_6952,552102019,-511,93.8377
2025-07-21,20250721_646713440_498577355_9828,646713440,328,105.2713
2025-07-21,20250721_646713440_498577355_9828,498577355,-370,93.3491
2025-07-21,20250704_800446377_293930777_4115,800446377,-432,108.4387
2025-07-21,20250704_800446377_293930777_4115,293930777,419,111.7614
2025-07-21,20250703_543934698_239013758_7275,543934698,-444,111.9186
2025-07-21,20250703_543934698_239013758_7275,239013758,491,101.0972
2025-07-22,20250722_255554375_564331294_8922,255554375,604,104.7180
2025-07-22,20250722_255554375_564331294_8922,564331294,-664,95.2661
2025-07-22,20250706_981959669_812662610_3716,981959669,-536,94.8153
2025-07-22,20250706_981959669_812662610_3716,812662610,520,97.4813
2025-07-23,20250723_535964147_797354953_9509,535964147,410,105.6839
2025-07-23,20250723_535964147_797354953_9509,797354953,-466,93.0032
2025-07-24,20250724_853686067_076132062_0487,853686067,428,100.5246
2025-07-24,20250724_853686067_076132062_0487,076132062,-420,102.4713
2025-07-24,20250724_641501393_100744906_3392,641501393,473,95.8805
2025-07-24,20250724_641501393_100744906_3392,100744906,-457,99.1694
2025-07-24,20250711_760494202_303336265_1194,760494202,-602,97.8836
2025-07-24,20250711_760494202_303336265_1194,303336265,534,110.3038
2025-07-25,20250725_413512591_406522051_5839,413512591,450,102.7482
2025-07-25,20250725_413512591_406522051_5839,406522051,-491,94.2014
2025-07-25,20250712_841631844_416283881_5405,841631844,-611,104.6139
2025-07-25,20250712_841631844_416283881_5405,416283881,576,110.9322
2025-07-26,20250718_363568431_719205571_9821,363568431,-488,101.0043
2025-07-26,20250718_363568431_719205571_9821,719205571,439,112.5331
2025-07-27,20250727_115345152_501223063_3390,115345152,609,92.4386
2025-07-27,20250727_115345152_501223063_3390,501223063,-580,97.1340
2025-07-27,20250720_453732105_552102019_6952,453732105,-473,101.3270
2025-07-27,20250720_453732105_552102019_6952,552102019,511,93.8408
2025-07-27,20250727_486200442_163037373_5164,486200442,672,98.1189
2025-07-27,20250727_486200442_163037373_5164,163037373,-641,102.9020
2025-07-28,20250723_535964147_797354953_9509,535964147,-410,105.7037
2025-07-28,20250723_535964147_797354953_9509,797354953,466,92.9154
2025-07-28,20250722_255554375_564331294_8922,255554375,-604,104.5677
2025-07-28,20250722_255554375_564331294_8922,564331294,664,95.1664
2025-07-28,20250728_452446805_704718153_0804,452446805,298,107.9128
2025-07-28,20250728_452446805_704718153_0804,704718153,-311,103.3649
2025-07-28,20250728_287388158_178899452_0147,287388158,559,108.5237
2025-07-28,20250728_287388158_178899452_0147,178899452,-611,99.3661
2025-07-28,20250728_629397549_259415355_8090,629397549,521,113.1948
2025-07-28,20250728_629397549_259415355_8090,259415355,-562,104.9079
2025-07-28,20250728_343898963_408943388_8572,343898963,477,91.3152
2025-07-28,20250728_343898963_408943388_8572,408943388,-404,107.8226
2025-07-28,20250728_818240586_952112105_1167,818240586,388,102.1002
2025-07-28,20250728_818240586_952112105_1167,952112105,-360,110.1057
2025-07-29,20250729_171998149_836394225_6355,171998149,395,101.4495
2025-07-29,20250729_171998149_836394225_6355,836394225,-439,91.3890
2025-07-29,20250717_970998434_197298661_1389,970998434,-367,97.6176
2025-07-29,20250717_970998434_197298661_1389,197298661,326,110.4766
2025-07-29,20250711_097098573_743645137_2367,097098573,-504,91.8267
2025-07-29,20250711_097098573_743645137_2367,743645137,459,100.9477
2025-07-29,20250729_218256455_178751956_8602,218256455,617,93.2534
2025-07-29,20250729_218256455_178751956_8602,178751956,-564,102.0310
2025-07-30,20250730_952496156_574195912_3524,952496156,619,106.9637
2025-07-30,20250730_952496156_574195912_3524,574195912,-626,105.9019
2025-07-31,20250715_688678330_053323099_3447,688678330,-391,100.1274
2025-07-31,20250715_688678330_053323099_3447,053323099,370,105.2644
2025-07-31,20250717_882733335_882749582_1615,882733335,-643,95.2931
2025-07-31,20250717_882733335_882749582_1615,882749582,641,95.8303
2025-08-01,20250721_646713440_498577355_9828,646713440,-328,105.2083
2025-08-01,20250721_646713440_498577355_9828,498577355,370,93.2134
2025-08-01,20250716_371130966_111252720_3883,371130966,-473,112.1381
2025-08-01,20250716_371130966_111252720_3883,111252720,504,105.1473
2025-08-02,20250724_853686067_076132062_0487,853686067,-428,100.7977
2025-08-02,20250724_853686067_076132062_0487,076132062,420,102.4173
2025-08-02,20250714_625246342_896174750_4479,625246342,-585,107.2143
2025-08-02,20250714_625246342_896174750_4479,896174750,579,108.9400
2025-08-03,20250716_971847802_090470547_7276,971847802,-650,98.1843
2025-08-03,20250716_971847802_090470547_7276,090470547,628,101.2100
2025-08-03,20250803_830780084_664930130_2229,830780084,646,107.5621
2025-08-03,20250803_830780084_664930130_2229,664930130,-727,95.5533
2025-08-03,20250718_026424848_609694983_6300,026424848,-521,110.2023
2025-08-03,20250718_026424848_609694983_6300,609694983,521,109.6688
2025-08-04,20250804_470562352_286936678_3521,470562352,531,93.8193
2025-08-04,20250804_470562352_286936678_3521,286936678,-470,105.9277
2025-08-05,20250805_891836652_923177940_2042,891836652,341,110.9938
2025-08-05,20250805_891836652_923177940_2042,923177940,-400,94.4878
2025-08-05,20250805_220760359_041583061_6646,220760359,489,111.2753
2025-08-05,20250805_220760359_041583061_6646,041583061,-555,98.0611
2025-08-06,20250727_115345152_501223063_3390,115345152,-609,92.5416
2025-08-06,20250727_115345152_501223063_3390,501223063,580,96.9052
2025-08-06,20250728_629397549_259415355_8090,629397549,-521,113.0168
2025-08-06,20250728_629397549_259415355_8090,259415355,562,105.0376
2025-08-06,20250806_955620103_652679890_9465,955620103,604,105.9749
2025-08-06,20250806_955620103_652679890_9465,652679890,-569,112.5758
2025-08-06,20250727_486200442_163037373_5164,486200442,-672,98.0795
2025-08-06,20250727_486200442_163037373_5164,163037373,641,102.8214
2025-08-07,20250807_590173425_275114459_4752,590173425,540,98.6985
2025-08-07,20250807_590173425_275114459_4752,275114459,-485,109.8374
2025-08-07,20250807_092449614_953469207_7072,092449614,359,103.9807
2025-08-07,20250807_092449614_953469207_7072,953469207,-365,102.4205
2025-08-08,20250720_868570220_719759048_0334,868570220,-579,100.2857
2025-08-08,20250720_868570220_719759048_0334,719759048,593,97.9934
2025-08-08,20250728_452446805_704718153_0804,452446805,-298,107.9558
2025-08-08,20250728_452446805_704718153_0804,704718153,311,103.1158
2025-08-08,20250808_597717368_912085920_6380,597717368,634,103.4926
2025-08-08,20250808_597717368_912085920_6380,912085920,-658,99.8315
2025-08-08,20250720_188284372_711337753_4501,188284372,-324,93.3053
2025-08-08,20250720_188284372_711337753_4501,711337753,311,97.5596
2025-08-09,20250729_218256455_178751956_8602,218256455,-617,92.8768
2025-08-09,20250729_218256455_178751956_8602,178751956,564,102.1154
2025-08-09,20250809_683156836_428134255_1390,683156836,571,99.4761
2025-08-09,20250809_683156836_428134255_1390,428134255,-546,103.9743
2025-08-09,20250728_818240586_952112105_1167,818240586,-388,102.1425
2025-08-09,20250728_818240586_952112105_1167,952112105,360,110.0950
2025-08-10,20250804_470562352_286936678_3521,470562352,-531,93.8687
2025-08-10,20250804_470562352_286936678_3521,286936678,470,106.0175
2025-08-10,20250810_445132435_098599620_1556,445132435,401,112.9041
2025-08-10,20250810_445132435_098599620_1556,098599620,-472,95.9062
2025-08-11,20250730_952496156_574195912_3524,952496156,-619,107.1927
2025-08-11,20250730_952496156_574195912_3524,574195912,626,105.6045
2025-08-11,20250811_416300334_271751360_0047,416300334,453,105.9382
2025-08-11,20250811_416300334_271751360_0047,271751360,-441,108.8951
2025-08-12,20250812_450106962_844605184_3123,450106962,531,108.4957
2025-08-12,20250812_450106962_844605184_3123,844605184,-593,97.1129
2025-08-12,20250724_641501393_100744906_3392,641501393,-473,96.0879
2025-08-12,20250724_641501393_100744906_3392,100744906,457,98.7649
2025-08-12,20250812_181342856_013892639_2590,181342856,479,94.9793
2025-08-12,20250812_181342856_013892639_2590,013892639,-416,109.3343
2025-08-13,20250725_413512591_406522051_5839,413512591,-450,102.3860
2025-08-13,20250725_413512591_406522051_5839,406522051,491,94.5678
2025-08-13,20250813_336756235_571295570_0781,336756235,462,108.3221
2025-08-13,20250813_336756235_571295570_0781,571295570,-473,105.7546
2025-08-13,20250813_249119330_661757503_6282,249119330,425,98.6087
2025-08-13,20250813_249119330_661757503_6282,661757503,-402,104.3510
2025-08-13,20250813_468537478_351822753_0718,468537478,425,95.9471
2025-08-13,20250813_468537478_351822753_0718,351822753,-402,101.4637
2025-08-14,20250814_146801753_250745536_3526,146801753,418,106.3860
2025-08-14,20250814_146801753_250745536_3526,250745536,-467,95.0438
2025-08-14,20250814_761448361_893931994_8780,761448361,332,110.7198
2025-08-14,20250814_761448361_893931994_8780,893931994,-368,99.9487
2025-08-15,20250728_287388158_178899452_0147,287388158,-559,108.9258
2025-08-15,20250728_287388158_178899452_0147,178899452,611,98.8585
2025-08-15,20250815_741741666_515261741_2189,741741666,386,106.1801
2025-08-15,20250815_741741666_515261741_2189,515261741,-368,111.3770
2025-08-16,20250810_445132435_098599620_1556,445132435,-401,112.8332
2025-08-16,20250810_445132435_098599620_1556,098599620,472,95.8253
2025-08-16,20250728_343898963_408943388_8572,343898963,-477,91.4937
2025-08-16,20250728_343898963_408943388_8572,408943388,404,108.0519
2025-08-17,20250729_171998149_836394225_6355,171998149,-395,101.3507
2025-08-17,20250729_171998149_836394225_6355,836394225,439,91.6131
2025-08-17,20250817_616007772_316582545_7562,616007772,331,100.3301
2025-08-17,20250817_616007772_316582545_7562,316582545,-346,95.8923
2025-08-17,20250807_092449614_953469207_7072,092449614,-359,104.2251
2025-08-17,20250807_092449614_953469207_7072,953469207,365,102.4766
2025-08-17,20250817_419844616_735108906_4139,419844616,556,100.8545
2025-08-17,20250817_419844616_735108906_4139,735108906,-507,110.6401
2025-08-17,20250817_524653790_919426295_7563,524653790,704,96.9531
2025-08-17,20250817_524653790_919426295_7563,919426295,-707,96.5262
2025-08-17,20250817_646308392_610415586_4982,646308392,275,109.4151
2025-08-17,20250817_646308392_610415586_4982,610415586,-283,106.5887
2025-08-17,20250805_220760359_041583061_6646,220760359,-489,111.0840
2025-08-17,20250805_220760359_041583061_6646,041583061,555,98.1967
2025-08-17,20250817_719972248_675679216_0666,719972248,666,95.0442
2025-08-17,20250817_719972248_675679216_0666,675679216,-663,95.4837
2025-08-18,20250803_830780084_664930130_2229,830780084,-646,107.3691
2025-08-18,20250803_830780084_664930130_2229,664930130,727,95.1753
2025-08-18,20250818_490446490_489457459_4395,490446490,582,109.3628
2025-08-18,20250818_490446490_489457459_4395,489457459,-640,99.4340
2025-08-18,20250818_967512170_835139635_7165,967512170,446,91.6499
2025-08-18,20250818_967512170_835139635_7165,835139635,-438,93.1976
2025-08-18,20250818_867778627_018646815_9238,867778627,655,101.5256
2025-08-18,20250818_867778627_018646815_9238,018646815,-664,100.0366
2025-08-18,20250818_990638691_029915786_2229,990638691,404,100.6605
2025-08-18,20250818_990638691_029915786_2229,029915786,-379,107.3270
2025-08-19,20250807_590173425_275114459_4752,590173425,-540,99.0029
2025-08-19,20250807_590173425_275114459_4752,275114459,485,109.9752
2025-08-20,20250813_336756235_571295570_0781,336756235,-462,108.4034
2025-08-20,20250813_336756235_571295570_0781,571295570,473,105.7963
2025-08-20,20250820_108727653_634681143_6772,108727653,559,108.2656
2025-08-20,20250820_108727653_634681143_6772,634681143,-590,102.6527
2025-08-20,20250820_674827053_128962316_1466,674827053,589,106.7110
2025-08-20,20250820_674827053_128962316_1466,128962316,-667,94.2693
2025-08-20,20250813_249119330_661757503_6282,249119330,-425,98.6670
2025-08-20,20250813_249119330_661757503_6282,661757503,402,104.1730
2025-08-20,20250820_436234563_807126681_0477,436234563,365,107.9278
2025-08-20,20250820_436234563_807126681_0477,807126681,-421,93.5394
2025-08-21,20250805_891836652_923177940_2042,891836652,-341,111.1150
2025-08-21,20250805_891836652_923177940_2042,923177940,400,94.4370
2025-08-21,20250821_397186701_905579918_3036,397186701,364,95.3428
2025-08-21,20250821_397186701_905579918_3036,905579918,-330,105.0391
2025-08-21,20250812_181342856_013892639_2590,181342856,-479,95.0494
2025-08-21,20250812_181342856_013892639_2590,013892639,416,109.5172
2025-08-21,20250821_861043205_088944878_2719,861043205,437,95.0809
2025-08-21,20250821_861043205_088944878_2719,088944878,-375,110.6861
2025-08-22,20250814_761448361_893931994_8780,761448361,-332,110.7335
2025-08-22,20250814_761448361_893931994_8780,893931994,368,100.0383
2025-08-22,20250822_658225871_419505214_4972,658225871,529,100.3237
2025-08-22,20250822_658225871_419505214_4972,419505214,-494,107.2806
2025-08-22,20250822_901649071_846198988_3295,901649071,532,98.1905
2025-08-22,20250822_901649071_846198988_3295,846198988,-515,101.4988
2025-08-22,20250817_646308392_610415586_4982,646308392,-275,109.3552
2025-08-22,20250817_646308392_610415586_4982,610415586,283,106.7328
2025-08-22,20250809_683156836_428134255_1390,683156836,-571,99.7717
2025-08-22,20250809_683156836_428134255_1390,428134255,546,104.0940
2025-08-22,20250822_375560233_653116343_7386,375560233,339,110.6634
2025-08-22,20250822_375560233_653116343_7386,653116343,-346,108.3803
2025-08-23,20250814_146801753_250745536_3526,146801753,-418,106.3690
2025-08-23,20250814_146801753_250745536_3526,250745536,467,95.2090
2025-08-23,20250823_046436330_783689405_1259,046436330,589,93.9876
2025-08-23,20250823_046436330_783689405_1259,783689405,-526,105.1431
2025-08-23,20250817_524653790_919426295_7563,524653790,-704,96.8661
2025-08-23,20250817_524653790_919426295_7563,919426295,707,96.4935
2025-08-23,20250823_750434532_331623098_3916,750434532,426,93.3279
2025-08-23,20250823_750434532_331623098_3916,331623098,-356,111.7742
2025-08-23,20250817_719972248_675679216_0666,719972248,-666,95.0499
2025-08-23,20250817_719972248_675679216_0666,675679216,663,95.5964
2025-08-24,20250811_416300334_271751360_0047,416300334,-453,105.8881
2025-08-24,20250811_416300334_271751360_0047,271751360,441,108.9255
2025-08-24,20250824_066178619_494981171_3606,066178619,484,93.5867
2025-08-24,20250824_066178619_494981171_3606,494981171,-409,110.9038
2025-08-25,20250825_196667504_733557002_2829,196667504,506,102.8764
2025-08-25,20250825_196667504_733557002_2829,733557002,-496,104.9571
2025-08-25,20250808_597717368_912085920_6380,597717368,-634,103.3005
2025-08-25,20250808_597717368_912085920_6380,912085920,658,99.6012
2025-08-26,20250812_450106962_844605184_3123,450106962,-531,108.5279
2025-08-26,20250812_450106962_844605184_3123,844605184,593,96.9727
2025-08-26,20250806_955620103_652679890_9465,955620103,-604,106.4823
2025-08-26,20250806_955620103_652679890_9465,652679890,569,112.7321
2025-08-27,20250827_191987998_830235629_2298,191987998,474,101.3725
2025-08-27,20250827_191987998_830235629_2298,830235629,-509,94.3874
2025-08-27,20250827_051929549_967181685_4791,051929549,440,103.9592
2025-08-27,20250827_051929549_967181685_4791,967181685,-462,99.0516
2025-08-27,20250827_648775760_149366888_5304,648775760,598,98.4211
2025-08-27,20250827_648775760_149366888_5304,149366888,-608,96.6929
2025-08-27,20250818_990638691_029915786_2229,990638691,-404,100.5429
2025-08-27,20250818_990638691_029915786_2229,029915786,379,107.2333
2025-08-27,20250827_336836298_177195771_7304,336836298,549,100.2895
2025-08-27,20250827_336836298_177195771_7304,177195771,-568,96.9134
2025-08-27,20250827_666440505_210817880_9765,666440505,480,105.7695
2025-08-27,20250827_666440505_210817880_9765,210817880,-454,111.7857
2025-08-27,20250813_468537478_351822753_0718,468537478,-425,95.6728
2025-08-27,20250813_468537478_351822753_0718,351822753,402,101.3533
2025-08-28,20250828_045227746_147727879_2066,045227746,673,101.5990
2025-08-28,20250828_045227746_147727879_2066,147727879,-603,113.4194
2025-08-28,20250818_867778627_018646815_9238,867778627,-655,101.4172
2025-08-28,20250818_867778627_018646815_9238,018646815,664,99.8792
2025-08-28,20250828_077096602_402274817_0511,077096602,286,108.9792
2025-08-28,20250828_077096602_402274817_0511,402274817,-299,104.2203
2025-08-29,20250817_419844616_735108906_4139,419844616,-556,100.7314
2025-08-29,20250817_419844616_735108906_4139,735108906,507,110.4370
2025-08-30,20250830_591697739_955944877_5199,591697739,407,105.8949
2025-08-30,20250830_591697739_955944877_5199,955944877,-441,97.6251
2025-08-30,20250820_108727653_634681143_6772,108727653,-559,108.1471
2025-08-30,20250820_108727653_634681143_6772,634681143,590,102.4213
2025-08-30,20250815_741741666_515261741_2189,741741666,-386,106.3418
2025-08-30,20250815_741741666_515261741_2189,515261741,368,111.5143
2025-08-31,20250831_802486264_560378639_8361,802486264,565,96.0753
2025-08-31,20250831_802486264_560378639_8361,560378639,-541,100.4512
2025-08-31,20250831_545636150_877304424_7708,545636150,517,100.3779
2025-08-31,20250831_545636150_877304424_7708,877304424,-467,110.9731
2025-08-31,20250818_967512170_835139635_7165,967512170,-446,91.6553
2025-08-31,20250818_967512170_835139635_7165,835139635,438,93.2487
2025-08-31,20250831_231433408_530106996_4385,231433408,418,109.9197
2025-08-31,20250831_231433408_530106996_4385,530106996,-486,94.4874
2025-08-31,20250820_436234563_807126681_0477,436234563,-365,108.3314
2025-08-31,20250820_436234563_807126681_0477,807126681,421,93.5063
2025-08-31,20250822_375560233_653116343_7386,375560233,-339,110.5241
2025-08-31,20250822_375560233_653116343_7386,653116343,346,108.3148
2025-09-01,20250827_051929549_967181685_4791,051929549,-440,103.8672
2025-09-01,20250827_051929549_967181685_4791,967181685,462,99.0208
2025-09-01,20250901_456442497_687413037_6680,456442497,610,94.0125
2025-09-01,20250901_456442497_687413037_6680,687413037,-551,104.1327
2025-09-02,20250902_246308127_319859743_1829,246308127,374,97.1864
2025-09-02,20250902_246308127_319859743_1829,319859743,-355,102.2728
2025-09-02,20250902_360141105_636767862_3000,360141105,602,109.5039
2025-09-02,20250902_360141105_636767862_3000,636767862,-678,97.2468
2025-09-02,20250902_262967249_711762522_1425,262967249,461,98.2111
2025-09-02,20250902_262967249_711762522_1425,711762522,-435,103.9879
2025-09-03,20250817_616007772_316582545_7562,616007772,-331,100.3390
2025-09-03,20250817_616007772_316582545_7562,316582545,346,96.2724
2025-09-03,20250903_758825163_663773658_3892,758825163,376,100.9958
2025-09-03,20250903_758825163_663773658_3892,663773658,-409,92.7408
2025-09-03,20250903_784449892_280862559_0061,784449892,364,100.1975
2025-09-03,20250903_784449892_280862559_0061,280862559,-341,106.7168
2025-09-04,20250821_397186701_905579918_3036,397186701,-364,95.1106
2025-09-04,20250821_397186701_905579918_3036,905579918,330,104.8152
2025-09-04,20250827_666440505_210817880_9765,666440505,-480,105.7678
2025-09-04,20250827_666440505_210817880_9765,210817880,454,111.6707
2025-09-04,20250904_895369735_772693993_7066,895369735,661,99.7489
2025-09-04,20250904_895369735_772693993_7066,772693993,-698,94.5173
2025-09-04,20250904_558845848_562474270_9181,558845848,306,110.0453
2025-09-04,20250904_558845848_562474270_9181,562474270,-331,101.7512
2025-09-05,20250818_490446490_489457459_4395,490446490,-582,109.5284
2025-09-05,20250818_490446490_489457459_4395,489457459,640,99.0030
2025-09-05,20250905_512352206_831876960_6008,512352206,641,95.3227
2025-09-05,20250905_512352206_831876960_6008,831876960,-550,111.1137
2025-09-05,20250824_066178619_494981171_3606,066178619,-484,93.4139
2025-09-05,20250824_066178619_494981171_3606,494981171,409,110.7799
2025-09-06,20250906_991628909_465110621_4867,991628909,424,109.3553
2025-09-06,20250906_991628909_465110621_4867,465110621,-415,111.7546
2025-09-06,20250906_191072784_544728808_5442,191072784,556,97.6089
2025-09-06,20250906_191072784_544728808_5442,544728808,-550,98.7524
2025-09-06,20250820_674827053_128962316_1466,674827053,-589,106.8738
2025-09-06,20250820_674827053_128962316_1466,128962316,667,94.4548
2025-09-06,20250906_049902298_058134266_5808,049902298,565,109.3877
2025-09-06,20250906_049902298_058134266_5808,058134266,-558,110.8677
2025-09-07,20250827_191987998_830235629_2298,191987998,-474,101.3954
2025-09-07,20250827_191987998_830235629_2298,830235629,509,94.5690
2025-09-07,20250831_545636150_877304424_7708,545636150,-517,100.4234
2025-09-07,20250831_545636150_877304424_7708,877304424,467,111.0555
2025-09-07,20250907_428444873_458190187_2452,428444873,493,103.9525
2025-09-07,20250907_428444873_458190187_2452,458190187,-533,96.1940
2025-09-07,20250907_041666571_926441226_7443,041666571,543,98.6682
2025-09-07,20250907_041666571_926441226_7443,926441226,-565,94.7427
2025-09-07,20250907_308760201_631046505_3369,308760201,644,104.4618
2025-09-07,20250907_308760201_631046505_3369,631046505,-697,96.6054
2025-09-07,20250823_750434532_331623098_3916,750434532,-426,93.1683
2025-09-07,20250823_750434532_331623098_3916,331623098,356,112.1034
2025-09-07,20250907_864080448_298026219_3667,864080448,492,110.5616
2025-09-07,20250907_864080448_298026219_3667,298026219,-547,99.6104
2025-09-08,20250908_393683388_953750073_2628,393683388,408,104.8093
2025-09-08,20250908_393683388_953750073_2628,953750073,-439,97.4333
2025-09-09,20250825_196667504_733557002_2829,196667504,-506,102.6407
2025-09-09,20250825_196667504_733557002_2829,733557002,496,104.8351
2025-09-09,20250823_046436330_783689405_1259,046436330,-589,93.6179
2025-09-09,20250823_046436330_783689405_1259,783689405,526,105.2227
2025-09-09,20250822_658225871_419505214_4972,658225871,-529,100.3441
2025-09-09,20250822_658225871_419505214_4972,419505214,494,107.5192
2025-09-09,20250822_901649071_846198988_3295,901649071,-532,98.0058
2025-09-09,20250822_901649071_846198988_3295,846198988,515,101.1631
2025-09-09,20250821_861043205_088944878_2719,861043205,-437,94.9980
2025-09-09,20250821_861043205_088944878_2719,088944878,375,110.5848
2025-09-09,20250902_262967249_711762522_1425,262967249,-461,97.9634
2025-09-09,20250902_262967249_711762522_1425,711762522,435,104.0480
2025-09-10,20250828_077096602_402274817_0511,077096602,-286,108.7222
2025-09-10,20250828_077096602_402274817_0511,402274817,299,104.4043
2025-09-10,20250910_115351635_172747047_0769,115351635,565,105.2147
2025-09-10,20250910_115351635_172747047_0769,172747047,-594,100.0323
2025-09-11,20250828_045227746_147727879_2066,045227746,-673,101.4439
2025-09-11,20250828_045227746_147727879_2066,147727879,603,113.4927
2025-09-11,20250911_680862390_469059047_5882,680862390,602,93.9833
2025-09-11,20250911_680862390_469059047_5882,469059047,-587,96.4294
2025-09-12,20250831_802486264_560378639_8361,802486264,-565,96.1086
2025-09-12,20250831_802486264_560378639_8361,560378639,541,100.2604
2025-09-12,20250912_223430007_087096813_9468,223430007,555,97.5162
2025-09-12,20250912_223430007_087096813_9468,087096813,-535,101.0369
2025-09-12,20250912_934651281_376423598_4544,934651281,402,109.8676
2025-09-12,20250912_934651281_376423598_4544,376423598,-478,92.5232
2025-09-12,20250912_799779028_534346021_7802,799779028,340,110.5675
2025-09-12,20250912_799779028_534346021_7802,534346021,-401,93.7792
2025-09-12,20250912_051127721_538560397_8661,051127721,279,110.1502
2025-09-12,20250912_051127721_538560397_8661,538560397,-277,110.9497
2025-09-12,20250907_864080448_298026219_3667,864080448,-492,110.4869
2025-09-12,20250907_864080448_298026219_3667,298026219,547,99.6694
2025-09-13,20250913_808059437_489091096_6793,808059437,369,109.4914
2025-09-13,20250913_808059437_489091096_6793,489091096,-423,95.3344
2025-09-13,20250831_231433408_530106996_4385,231433408,-418,109.7394
2025-09-13,20250831_231433408_530106996_4385,530106996,486,94.7456
2025-09-14,20250906_191072784_544728808_5442,191072784,-556,97.5308
2025-09-14,20250906_191072784_544728808_5442,544728808,550,98.6679
2025-09-14,20250827_648775760_149366888_5304,648775760,-598,98.6895
2025-09-14,20250827_648775760_149366888_5304,149366888,608,96.6346
2025-09-14,20250914_813537454_957763063_1890,813537454,516,102.0811
2025-09-14,20250914_813537454_957763063_1890,957763063,-509,103.4541
2025-09-14,20250906_049902298_058134266_5808,049902298,-565,109.4566
2025-09-14,20250906_049902298_058134266_5808,058134266,558,111.0567
2025-09-15,20250906_991628909_465110621_4867,991628909,-424,109.4062
2025-09-15,20250906_991628909_465110621_4867,465110621,415,111.6993
2025-09-15,20250915_687303789_315986624_5259,687303789,322,103.8062
2025-09-15,20250915_687303789_315986624_5259,315986624,-336,99.5099
2025-09-15,20250915_811679801_485629513_7326,811679801,519,99.7289
2025-09-15,20250915_811679801_485629513_7326,485629513,-476,108.6385
2025-09-15,20250915_115823345_232116860_6968,115823345,647,106.4490
2025-09-15,20250915_115823345_232116860_6968,232116860,-731,94.1360
2025-09-15,20250915_587548095_933786876_4978,587548095,284,111.6744
2025-09-15,20250915_587548095_933786876_4978,933786876,-299,105.8990
2025-09-16,20250830_591697739_955944877_5199,591697739,-407,105.6278
2025-09-16,20250830_591697739_955944877_5199,955944877,441,97.7317
2025-09-16,20250916_149592723_882116761_4629,149592723,386,104.6803
2025-09-16,20250916_149592723_882116761_4629,882116761,-426,94.9042
2025-09-16,20250907_428444873_458190187_2452,428444873,-493,104.0926
2025-09-16,20250907_428444873_458190187_2452,458190187,533,96.2234
2025-09-16,20250827_336836298_177195771_7304,336836298,-549,100.4061
2025-09-16,20250827_336836298_177195771_7304,177195771,568,96.2988
2025-09-16,20250905_512352206_831876960_6008,512352206,-641,95.3649
2025-09-16,20250905_512352206_831876960_6008,831876960,550,111.4116
2025-09-16,20250901_456442497_687413037_6680,456442497,-610,94.1812
2025-09-16,20250901_456442497_687413037_6680,687413037,551,104.3536
2025-09-17,20250917_778851351_659338574_2467,778851351,545,91.8962
2025-09-17,20250917_778851351_659338574_2467,659338574,-480,104.3188
2025-09-17,20250917_431652707_781099880_3675,431652707,320,106.9762
2025-09-17,20250917_431652707_781099880_3675,781099880,-347,98.6625
2025-09-18,20250908_393683388_953750073_2628,393683388,-408,104.9360
2025-09-18,20250908_393683388_953750073_2628,953750073,439,97.5507
2025-09-19,20250902_360141105_636767862_3000,360141105,-602,109.2794
2025-09-19,20250902_360141105_636767862_3000,636767862,678,97.2131
2025-09-19,20250912_051127721_538560397_8661,051127721,-279,110.1207
2025-09-19,20250912_051127721_538560397_8661,538560397,277,110.8085
2025-09-19,20250904_558845848_562474270_9181,558845848,-306,109.7108
2025-09-19,20250904_558845848_562474270_9181,562474270,331,101.8624
2025-09-20,20250902_246308127_319859743_1829,246308127,-374,97.3852
2025-09-20,20250902_246308127_319859743_1829,319859743,355,102.4133
2025-09-20,20250911_680862390_469059047_5882,680862390,-602,94.1119
2025-09-20,20250911_680862390_469059047_5882,469059047,587,96.1723
2025-09-20,20250907_308760201_631046505_3369,308760201,-644,104.4102
2025-09-20,20250907_308760201_631046505_3369,631046505,697,96.7183
2025-09-21,20250921_641398196_757091730_4416,641398196,711,93.0173
2025-09-21,20250921_641398196_757091730_4416,757091730,-635,104.0708
2025-09-21,20250912_223430007_087096813_9468,223430007,-555,97.3769
2025-09-21,20250912_223430007_087096813_9468,087096813,535,101.1895
2025-09-21,20250921_159241640_503057115_9696,159241640,575,111.9407
2025-09-21,20250921_159241640_503057115_9696,503057115,-599,107.4375
2025-09-21,20250910_115351635_172747047_0769,115351635,-565,105.4610
2025-09-21,20250910_115351635_172747047_0769,172747047,594,99.7767
2025-09-22,20250903_758825163_663773658_3892,758825163,-376,101.3864
2025-09-22,20250903_758825163_663773658_3892,663773658,409,92.0786
2025-09-22,20250922_538312341_851736581_5821,538312341,436,99.3120
2025-09-22,20250922_538312341_851736581_5821,851736581,-455,95.1641
2025-09-22,20250904_895369735_772693993_7066,895369735,-661,99.3672
2025-09-22,20250904_895369735_772693993_7066,772693993,698,94.1373
2025-09-22,20250922_002133862_132870957_3161,002133862,293,108.1732
2025-09-22,20250922_002133862_132870957_3161,132870957,-332,95.2020
2025-09-23,20250923_210379843_930083708_0337,210379843,436,113.1127
2025-09-23,20250923_210379843_930083708_0337,930083708,-504,97.8504
2025-09-23,20250915_687303789_315986624_5259,687303789,-322,103.6731
2025-09-23,20250915_687303789_315986624_5259,315986624,336,99.2925
2025-09-23,20250923_978893931_687446267_6576,978893931,591,100.3108
2025-09-23,20250923_978893931_687446267_6576,687446267,-537,110.2840
2025-09-23,20250903_784449892_280862559_0061,784449892,-364,99.9416
2025-09-23,20250903_784449892_280862559_0061,280862559,341,106.0809
2025-09-23,20250923_212633229_570271159_5599,212633229,662,97.4881
2025-09-23,20250923_212633229_570271159_5599,570271159,-658,98.0038
2025-09-25,20250916_149592723_882116761_4629,149592723,-386,104.8057
2025-09-25,20250916_149592723_882116761_4629,882116761,426,94.7987
2025-09-25,20250925_719001940_551055937_0975,719001940,524,94.6569
2025-09-25,20250925_719001940_551055937_0975,551055937,-508,97.7194
2025-09-26,20250914_813537454_957763063_1890,813537454,-516,102.1436
2025-09-26,20250914_813537454_957763063_1890,957763063,509,103.1715
2025-09-27,20250907_041666571_926441226_7443,041666571,-543,98.7639
2025-09-27,20250907_041666571_926441226_7443,926441226,565,94.7311
2025-09-28,20250912_934651281_376423598_4544,934651281,-402,109.8302
2025-09-28,20250912_934651281_376423598_4544,376423598,478,92.1523
2025-09-28,20250928_157250824_174668074_7443,157250824,546,101.7354
2025-09-28,20250928_157250824_174668074_7443,174668074,-516,107.7860
2025-09-29,20250917_778851351_659338574_2467,778851351,-545,92.0271
2025-09-29,20250917_778851351_659338574_2467,659338574,480,104.1628
2025-09-29,20250929_253645471_822896874_3896,253645471,660,92.7613
2025-09-29,20250929_253645471_822896874_3896,822896874,-619,98.8388
2025-09-30,20250923_210379843_930083708_0337,210379843,-436,113.0579
2025-09-30,20250923_210379843_930083708_0337,930083708,504,97.9842
2025-09-30,20250915_115823345_232116860_6968,115823345,-647,106.3033
2025-09-30,20250915_115823345_232116860_6968,232116860,731,93.7262
2025-10-01,20250922_002133862_132870957_3161,002133862,-293,108.0880
2025-10-01,20250922_002133862_132870957_3161,132870957,332,95.1293
2025-10-02,20250912_799779028_534346021_7802,799779028,-340,110.7986
2025-10-02,20250912_799779028_534346021_7802,534346021,401,93.7478
2025-10-02,20250922_538312341_851736581_5821,538312341,-436,99.0510
2025-10-02,20250922_538312341_851736581_5821,851736581,455,95.1759
2025-10-02,20251002_005811776_607514168_2286,005811776,279,108.3019
2025-10-02,20251002_005811776_607514168_2286,607514168,-275,109.6507
2025-10-03,20251003_642607714_455835456_4097,642607714,598,94.7892
2025-10-03,20251003_642607714_455835456_4097,455835456,-543,104.4015
2025-10-03,20250913_808059437_489091096_6793,808059437,-369,109.3631
2025-10-03,20250913_808059437_489091096_6793,489091096,423,94.7157
2025-10-03,20250923_978893931_687446267_6576,978893931,-591,100.3608
2025-10-03,20250923_978893931_687446267_6576,687446267,537,110.3191
2025-10-03,20251003_346460499_017501206_9058,346460499,579,101.3077
2025-10-03,20251003_346460499_017501206_9058,017501206,-534,109.9791
2025-10-03,20250917_431652707_781099880_3675,431652707,-320,106.9820
2025-10-03,20250917_431652707_781099880_3675,781099880,347,98.6027
2025-10-05,20251005_112845460_918536797_4937,112845460,528,100.7004
2025-10-05,20251005_112845460_918536797_4937,918536797,-506,105.0801
2025-10-05,20250915_811679801_485629513_7326,811679801,-519,100.0064
2025-10-05,20250915_811679801_485629513_7326,485629513,476,108.1238
2025-10-05,20250921_641398196_757091730_4416,641398196,-711,93.0804
2025-10-05,20250921_641398196_757091730_4416,757091730,635,103.7784
2025-10-05,20251005_519909359_779291308_1600,519909359,347,104.3333
2025-10-05,20251005_519909359_779291308_1600,779291308,-356,101.7291
2025-10-05,20250915_587548095_933786876_4978,587548095,-284,111.1841
2025-10-05,20250915_587548095_933786876_4978,933786876,299,106.2625
2025-10-05,20250923_212633229_570271159_5599,212633229,-662,97.2178
2025-10-05,20250923_212633229_570271159_5599,570271159,658,98.2052
2025-10-06,20251006_609637940_337780069_3589,609637940,316,95.0536
2025-10-06,20251006_609637940_337780069_3589,337780069,-282,106.6799
2025-10-06,20251006_122032537_300791075_1719,122032537,424,103.4815
2025-10-06,20251006_122032537_300791075_1719,300791075,-405,108.4392
2025-10-06,20251006_713783138_098217330_8550,713783138,372,103.3884
2025-10-06,20251006_713783138_098217330_8550,098217330,-403,95.4889
2025-10-06,20251006_937809686_257354913_4250,937809686,327,109.4222
2025-10-06,20251006_937809686_257354913_4250,257354913,-369,96.9153
2025-10-06,20251006_387209074_435553244_9284,387209074,696,96.9978
2025-10-06,20251006_387209074_435553244_9284,435553244,-644,104.8027
2025-10-07,20251007_417822261_379767650_2391,417822261,319,106.1647
2025-10-07,20251007_417822261_379767650_2391,379767650,-361,93.9649
2025-10-07,20250925_719001940_551055937_0975,719001940,-524,94.1993
2025-10-07,20250925_719001940_551055937_0975,551055937,508,97.6201
2025-10-07,20251007_371318781_471605601_7780,371318781,432,103.0863
2025-10-07,20251007_371318781_471605601_7780,471605601,-456,97.8397
2025-10-07,20251002_005811776_607514168_2286,005811776,-279,108.2127
2025-10-07,20251002_005811776_607514168_2286,607514168,275,109.6504
2025-10-08,20251008_879435602_553136787_9821,879435602,612,108.3510
2025-10-08,20251008_879435602_553136787_9821,553136787,-612,108.3161
2025-10-08,20250929_253645471_822896874_3896,253645471,-660,92.7529
2025-10-08,20250929_253645471_822896874_3896,822896874,619,98.7942
2025-10-08,20251008_472848963_754666972_4854,472848963,308,108.2203
2025-10-08,20251008_472848963_754666972_4854,754666972,-315,105.8468
2025-10-09,20251009_997408047_876194901_6241,997408047,399,103.9329
2025-10-09,20251009_997408047_876194901_6241,876194901,-419,98.8618
2025-10-10,20250921_159241640_503057115_9696,159241640,-575,111.6249
2025-10-10,20250921_159241640_503057115_9696,503057115,599,107.0585
2025-10-11,20251006_387209074_435553244_9284,387209074,-696,96.9602
2025-10-11,20251006_387209074_435553244_9284,435553244,644,104.7819
2025-10-11,20250928_157250824_174668074_7443,157250824,-546,101.8101
2025-10-11,20250928_157250824_174668074_7443,174668074,516,107.5137
2025-10-13,20251007_371318781_471605601_7780,371318781,-432,103.0908
2025-10-13,20251007_371318781_471605601_7780,471605601,456,97.7363
2025-10-14,20251014_734353881_223877320_5617,734353881,660,99.8455
2025-10-14,20251014_734353881_223877320_5617,223877320,-636,103.5553
2025-10-14,20251005_519909359_779291308_1600,519909359,-347,104.3669
2025-10-14,20251005_519909359_779291308_1600,779291308,356,101.6504
2025-10-15,20251003_642607714_455835456_4097,642607714,-598,94.3124
2025-10-15,20251003_642607714_455835456_4097,455835456,543,104.4065
2025-10-15,20251015_009718055_641416035_2813,009718055,546,111.9009
2025-10-15,20251015_009718055_641416035_2813,641416035,-583,104.7457
2025-10-15,20251015_670073356_685484547_0493,670073356,502,105.6559
2025-10-15,20251015_670073356_685484547_0493,685484547,-536,98.8093
2025-10-15,20251009_997408047_876194901_6241,997408047,-399,103.9340
2025-10-15,20251009_997408047_876194901_6241,876194901,419,98.6975
2025-10-16,20251008_879435602_553136787_9821,879435602,-612,108.4055
2025-10-16,20251008_879435602_553136787_9821,553136787,612,108.1565
2025-10-16,20251016_492430052_039274499_7911,492430052,601,98.3502
2025-10-16,20251016_492430052_039274499_7911,039274499,-638,92.6500
2025-10-16,20251008_472848963_754666972_4854,472848963,-308,107.8776
2025-10-16,20251008_472848963_754666972_4854,754666972,315,105.7379
2025-10-17,20251017_813140511_321011203_9081,813140511,584,99.5809
2025-10-17,20251017_813140511_321011203_9081,321011203,-520,111.8272
2025-10-18,20251018_296257340_679226110_5778,296257340,354,95.7411
2025-10-18,20251018_296257340_679226110_5778,679226110,-320,105.9392
2025-10-18,20251018_984790495_775041098_6827,984790495,579,103.6017
2025-10-18,20251018_984790495_775041098_6827,775041098,-554,108.2798
2025-10-20,20251014_734353881_223877320_5617,734353881,-660,99.6645
2025-10-20,20251014_734353881_223877320_5617,223877320,636,103.6078
2025-10-20,20251007_417822261_379767650_2391,417822261,-319,105.8045
2025-10-20,20251007_417822261_379767650_2391,379767650,361,94.0400
2025-10-20,20251006_122032537_300791075_1719,122032537,-424,103.2440
2025-10-20,20251006_122032537_300791075_1719,300791075,405,108.3608
2025-10-20,20251020_244819431_212806224_9869,244819431,639,101.2545
2025-10-20,20251020_244819431_212806224_9869,212806224,-637,101.5082
2025-10-21,20251021_631844728_101208334_6650,631844728,676,100.5865
2025-10-21,20251021_631844728_101208334_6650,101208334,-689,98.6271
2025-10-21,20251003_346460499_017501206_9058,346460499,-579,101.4869
2025-10-21,20251003_346460499_017501206_9058,017501206,534,109.9953
2025-10-21,20251021_545955947_161926239_1666,545955947,547,94.4755
2025-10-21,20251021_545955947_161926239_1666,161926239,-474,108.9494
2025-10-21,20251021_588080098_112861894_5922,588080098,521,97.1865
2025-10-21,20251021_588080098_112861894_5922,112861894,-455,111.2911
2025-10-22,20251005_112845460_918536797_4937,112845460,-528,101.0183
2025-10-22,20251005_112845460_918536797_4937,918536797,506,105.3330
2025-10-22,20251022_413867661_936021322_1080,413867661,543,101.9859
2025-10-22,20251022_413867661_936021322_1080,936021322,-525,105.6611
2025-10-22,20251022_624850825_037138177_1304,624850825,484,95.3123
2025-10-22,20251022_624850825_037138177_1304,037138177,-418,110.4601
2025-10-22,20251016_492430052_039274499_7911,492430052,-601,98.3410
2025-10-22,20251016_492430052_039274499_7911,039274499,638,92.5817
2025-10-23,20251023_387882217_998801971_3269,387882217,539,102.8814
2025-10-23,20251023_387882217_998801971_3269,998801971,-568,97.5127
2025-10-23,20251023_414614500_539972994_0983,414614500,374,111.2531
2025-10-23,20251023_414614500_539972994_0983,539972994,-382,108.9404
2025-10-23,20251023_340808865_940213604_6474,340808865,693,99.6420
2025-10-23,20251023_340808865_940213604_6474,940213604,-656,105.2200
2025-10-23,20251023_507228319_269807693_6451,507228319,442,109.9399
2025-10-23,20251023_507228319_269807693_6451,269807693,-494,98.2904
2025-10-24,20251024_261806834_411070247_1273,261806834,582,103.6626
2025-10-24,20251024_261806834_411070247_1273,411070247,-599,100.6999
2025-10-25,20251025_252571696_029846844_2845,252571696,617,94.4557
2025-10-25,20251025_252571696_029846844_2845,029846844,-622,93.7334
2025-10-25,20251006_609637940_337780069_3589,609637940,-316,94.5885
2025-10-25,20251006_609637940_337780069_3589,337780069,282,106.3027
2025-10-25,20251006_713783138_098217330_8550,713783138,-372,103.0463
2025-10-25,20251006_713783138_098217330_8550,098217330,403,94.9386
2025-10-25,20251006_937809686_257354913_4250,937809686,-327,108.7794
2025-10-25,20251006_937809686_257354913_4250,257354913,369,96.8413
2025-10-26,20251026_415797697_985093957_8307,415797697,384,106.1767
2025-10-26,20251026_415797697_985093957_8307,985093957,-439,92.8909
2025-10-27,20251027_114353759_649389366_0844,114353759,521,113.2452
2025-10-27,20251027_114353759_649389366_0844,649389366,-587,100.4362
2025-10-27,20251015_670073356_685484547_0493,670073356,-502,105.6367
2025-10-27,20251015_670073356_685484547_0493,685484547,536,98.5915
2025-10-27,20251027_381662631_769216018_2833,381662631,608,105.8459
2025-10-27,20251027_381662631_769216018_2833,769216018,-607,105.9873
2025-10-28,20251028_487626549_543394596_4230,487626549,387,98.3989
2025-10-28,20251028_487626549_543394596_4230,543394596,-380,100.0703
2025-10-28,20251028_864403426_630235915_3078,864403426,605,108.3150
2025-10-28,20251028_864403426_630235915_3078,630235915,-697,94.0026
2025-10-28,20251018_296257340_679226110_5778,296257340,-354,95.4832
2025-10-28,20251018_296257340_679226110_5778,679226110,320,105.9066
2025-10-29,20251029_962676334_913923992_5004,962676334,674,100.2788
2025-10-29,20251029_962676334_913923992_5004,913923992,-667,101.4259
2025-10-31,20251031_591919214_478301914_6823,591919214,355,104.2032
2025-10-31,20251031_591919214_478301914_6823,478301914,-344,107.6486
2025-10-31,20251018_984790495_775041098_6827,984790495,-579,103.7124
2025-10-31,20251018_984790495_775041098_6827,775041098,554,107.9602
2025-11-02,20251025_252571696_029846844_2845,252571696,-617,94.3550
2025-11-02,20251025_252571696_029846844_2845,029846844,622,93.5535
2025-11-02,20251102_115480150_075277910_1440,115480150,550,106.8834
2025-11-02,20251102_115480150_075277910_1440,075277910,-566,103.8104
2025-11-02,20251102_676858006_893926195_2038,676858006,434,99.2869
2025-11-02,20251102_676858006_893926195_2038,893926195,-462,93.4212
2025-11-02,20251021_631844728_101208334_6650,631844728,-676,100.4522
2025-11-02,20251021_631844728_101208334_6650,101208334,689,98.3086
2025-11-02,20251017_813140511_321011203_9081,813140511,-584,99.4471
2025-11-02,20251017_813140511_321011203_9081,321011203,520,111.6681
2025-11-02,20251021_588080098_112861894_5922,588080098,-521,96.8479
2025-11-02,20251021_588080098_112861894_5922,112861894,455,111.5490
2025-11-03,20251103_461223308_652671671_0905,461223308,556,106.1549
2025-11-03,20251103_461223308_652671671_0905,652671671,-623,94.5960
2025-11-03,20251103_496963502_821007971_5065,496963502,662,100.8397
2025-11-03,20251103_496963502_821007971_5065,821007971,-662,100.8922
2025-11-03,20251103_642385904_350373617_8733,642385904,537,111.3770
2025-11-03,20251103_642385904_350373617_8733,350373617,-550,108.7861
2025-11-03,20251020_244819431_212806224_9869,244819431,-639,101.3629
2025-11-03,20251020_244819431_212806224_9869,212806224,637,101.5300
2025-11-03,20251023_340808865_940213604_6474,340808865,-693,99.8198
2025-11-03,20251023_340808865_940213604_6474,940213604,656,105.2801
2025-11-03,20251027_114353759_649389366_0844,114353759,-521,113.0437
2025-11-03,20251027_114353759_649389366_0844,649389366,587,100.4133
2025-11-03,20251021_545955947_161926239_1666,545955947,-547,94.7126
2025-11-03,20251021_545955947_161926239_1666,161926239,474,108.8677
2025-11-04,20251028_487626549_543394596_4230,487626549,-387,98.4534
2025-11-04,20251028_487626549_543394596_4230,543394596,380,99.9128
2025-11-04,20251104_311979619_560471705_9638,311979619,578,98.5468
2025-11-04,20251104_311979619_560471705_9638,560471705,-563,101.0389
2025-11-04,20251015_009718055_641416035_2813,009718055,-546,111.7120
2025-11-04,20251015_009718055_641416035_2813,641416035,583,104.9042
2025-11-04,20251029_962676334_913923992_5004,962676334,-674,100.2959
2025-11-04,20251029_962676334_913923992_5004,913923992,667,101.2633
2025-11-04,20251104_518827291_065671371_0813,518827291,366,91.2751
2025-11-04,20251104_518827291_065671371_0813,065671371,-358,93.3797
2025-11-05,20251026_415797697_985093957_8307,415797697,-384,106.0892
2025-11-05,20251026_415797697_985093957_8307,985093957,439,92.9551
2025-11-05,20251022_624850825_037138177_1304,624850825,-484,95.3798
2025-11-05,20251022_624850825_037138177_1304,037138177,418,110.4687
2025-11-05,20251105_339552598_394660677_1870,339552598,581,102.0439
2025-11-05,20251105_339552598_394660677_1870,394660677,-556,106.6373
2025-11-05,20251023_507228319_269807693_6451,507228319,-442,109.8221
2025-11-05,20251023_507228319_269807693_6451,269807693,494,98.2149
2025-11-05,20251105_397216398_416227604_2498,397216398,436,113.3308
2025-11-05,20251105_397216398_416227604_2498,416227604,-467,105.8657
2025-11-06,20251106_605183424_697251361_4033,605183424,524,102.6361
2025-11-06,20251106_605183424_697251361_4033,697251361,-570,94.3176
2025-11-06,20251106_050288400_020226279_8965,050288400,325,96.4213
2025-11-06,20251106_050288400_020226279_8965,020226279,-336,93.1093
2025-11-07,20251107_572836957_641092260_8637,572836957,581,97.3913
2025-11-07,20251107_572836957_641092260_8637,641092260,-549,103.0788
2025-11-07,20251023_414614500_539972994_0983,414614500,-374,110.6392
2025-11-07,20251023_414614500_539972994_0983,539972994,382,108.3220
2025-11-07,20251028_864403426_630235915_3078,864403426,-605,108.1737
2025-11-07,20251028_864403426_630235915_3078,630235915,697,94.0659
2025-11-08,20251108_596208325_799399069_6302,596208325,390,110.2964
2025-11-08,20251108_596208325_799399069_6302,799399069,-406,106.1055
2025-11-08,20251108_017673103_861330689_6363,017673103,731,95.7759
2025-11-08,20251108_017673103_861330689_6363,861330689,-673,103.9105
2025-11-08,20251102_115480150_075277910_1440,115480150,-550,106.8333
2025-11-08,20251102_115480150_075277910_1440,075277910,566,103.8924
2025-11-09,20251109_224319181_174352249_1571,224319181,627,99.8434
2025-11-09,20251109_224319181_174352249_1571,174352249,-604,103.6513
2025-11-09,20251104_311979619_560471705_9638,311979619,-578,98.6133
2025-11-09,20251104_311979619_560471705_9638,560471705,563,100.9697
2025-11-10,20251110_395082068_321145403_1617,395082068,441,112.6723
2025-11-10,20251110_395082068_321145403_1617,321145403,-491,101.2851
2025-11-10,20251022_413867661_936021322_1080,413867661,-543,101.4815
2025-11-10,20251022_413867661_936021322_1080,936021322,525,105.3598
2025-11-10,20251110_601539176_930986712_6041,601539176,343,110.3482
2025-11-10,20251110_601539176_930986712_6041,930986712,-393,96.3370
2025-11-10,20251104_518827291_065671371_0813,518827291,-366,91.2615
2025-11-10,20251104_518827291_065671371_0813,065671371,358,93.3620
2025-11-11,20251024_261806834_411070247_1273,261806834,-582,103.5553
2025-11-11,20251024_261806834_411070247_1273,411070247,599,100.9569
2025-11-11,20251111_636838436_611322279_7118,636838436,584,111.3136
2025-11-11,20251111_636838436_611322279_7118,611322279,-592,109.8249
2025-11-11,20251111_146524941_986426820_4222,146524941,494,97.1211
2025-11-11,20251111_146524941_986426820_4222,986426820,-496,96.7184
2025-11-11,20251111_191506476_830429577_0024,191506476,489,110.1029
2025-11-11,20251111_191506476_830429577_0024,830429577,-577,93.2284
2025-11-12,20251112_583208124_379370294_4356,583208124,541,97.1527
2025-11-12,20251112_583208124_379370294_4356,379370294,-539,97.5302
2025-11-12,20251103_496963502_821007971_5065,496963502,-662,100.9580
2025-11-12,20251103_496963502_821007971_5065,821007971,662,101.0756
2025-11-12,20251023_387882217_998801971_3269,387882217,-539,102.7260
2025-11-12,20251023_387882217_998801971_3269,998801971,568,96.9087
2025-11-12,20251112_370660134_954133846_0414,370660134,331,110.0089
2025-11-12,20251112_370660134_954133846_0414,954133846,-327,111.3545
2025-11-13,20251113_212307137_376773058_1743,212307137,568,95.6872
2025-11-13,20251113_212307137_376773058_1743,376773058,-551,98.6393
2025-11-13,20251106_605183424_697251361_4033,605183424,-524,102.6273
2025-11-13,20251106_605183424_697251361_4033,697251361,570,94.0895
2025-11-13,20251113_936401366_611614932_4777,936401366,395,104.7332
2025-11-13,20251113_936401366_611614932_4777,611614932,-368,112.4173
2025-11-13,20251113_264603503_433794738_2261,264603503,384,104.0943
2025-11-13,20251113_264603503_433794738_2261,433794738,-417,95.7006
2025-11-14,20251102_676858006_893926195_2038,676858006,-434,99.2814
2025-11-14,20251102_676858006_893926195_2038,893926195,462,93.4055
2025-11-14,20251114_800679875_200396575_6289,800679875,461,106.9787
2025-11-14,20251114_800679875_200396575_6289,200396575,-448,110.1043
2025-11-14,20251114_371932869_927236237_5814,371932869,296,102.2884
2025-11-14,20251114_371932869_927236237_5814,927236237,-320,94.5530
2025-11-15,20251115_446242745_081121600_4611,446242745,288,106.1930
2025-11-15,20251115_446242745_081121600_4611,081121600,-270,113.0029
2025-11-15,20251115_598108649_948246128_6992,598108649,571,97.4541
2025-11-15,20251115_598108649_948246128_6992,948246128,-533,104.4382
2025-11-15,20251115_533133629_243762180_3841,533133629,419,94.3803
2025-11-15,20251115_533133629_243762180_3841,243762180,-419,94.2496
2025-11-15,20251115_345066049_103791146_0638,345066049,558,99.4930
2025-11-15,20251115_345066049_103791146_0638,103791146,-508,109.2604
2025-11-15,20251115_706853063_407680663_9221,706853063,565,110.2360
2025-11-15,20251115_706853063_407680663_9221,407680663,-608,102.4424
2025-11-15,20251115_536197238_951877531_8313,536197238,505,98.4729
2025-11-15,20251115_536197238_951877531_8313,951877531,-475,104.6100
2025-11-15,20251027_381662631_769216018_2833,381662631,-608,105.4982
2025-11-15,20251027_381662631_769216018_2833,769216018,607,105.5452
2025-11-16,20251111_636838436_611322279_7118,636838436,-584,111.3081
2025-11-16,20251111_636838436_611322279_7118,611322279,592,109.6915
2025-11-16,20251116_259571075_176946992_7801,259571075,507,94.2834
2025-11-16,20251116_259571075_176946992_7801,176946992,-446,107.2108
2025-11-16,20251031_591919214_478301914_6823,591919214,-355,104.0516
2025-11-16,20251031_591919214_478301914_6823,478301914,344,107.1515
2025-11-17,20251112_583208124_379370294_4356,583208124,-541,96.9858
2025-11-17,20251112_583208124_379370294_4356,379370294,539,97.4194
2025-11-17,20251117_347268714_240733675_3017,347268714,597,98.6986
2025-11-17,20251117_347268714_240733675_3017,240733675,-587,100.3485
2025-11-18,20251118_496829903_010890391_7886,496829903,717,95.0622
2025-11-18,20251118_496829903_010890391_7886,010890391,-631,108.1455
2025-11-18,20251113_212307137_376773058_1743,212307137,-568,95.6178
2025-11-18,20251113_212307137_376773058_1743,376773058,551,98.5055
2025-11-18,20251118_076690676_818661921_2840,076690676,508,102.9730
2025-11-18,20251118_076690676_818661921_2840,818661921,-493,106.0650
2025-11-19,20251119_350883540_644483312_8269,350883540,289,105.3785
2025-11-19,20251119_350883540_644483312_8269,644483312,-328,93.1083
2025-11-19,20251114_800679875_200396575_6289,800679875,-461,106.9207
2025-11-19,20251114_800679875_200396575_6289,200396575,448,109.8995
2025-11-19,20251119_133626704_309592304_5423,133626704,343,109.8491
2025-11-19,20251119_133626704_309592304_5423,309592304,-364,103.4032
2025-11-20,20251103_461223308_652671671_0905,461223308,-556,105.8850
2025-11-20,20251103_461223308_652671671_0905,652671671,623,94.5540
2025-11-20,20251105_397216398_416227604_2498,397216398,-436,113.3077
2025-11-20,20251105_397216398_416227604_2498,416227604,467,105.7001
2025-11-21,20251110_395082068_321145403_1617,395082068,-441,112.5410
2025-11-21,20251110_395082068_321145403_1617,321145403,491,100.9956
2025-11-21,20251113_264603503_433794738_2261,264603503,-384,103.8811
2025-11-21,20251113_264603503_433794738_2261,433794738,417,95.4748
2025-11-21,20251112_370660134_954133846_0414,370660134,-331,109.7674
2025-11-21,20251112_370660134_954133846_0414,954133846,327,111.2108
2025-11-21,20251121_111571247_572360924_7391,111571247,415,105.1980
2025-11-21,20251121_111571247_572360924_7391,572360924,-462,94.5975
2025-11-22,20251108_596208325_799399069_6302,596208325,-390,109.9179
2025-11-22,20251108_596208325_799399069_6302,799399069,406,105.5540
2025-11-22,20251107_572836957_641092260_8637,572836957,-581,97.0653
2025-11-22,20251107_572836957_641092260_8637,641092260,549,102.6296
2025-11-22,20251103_642385904_350373617_8733,642385904,-537,111.5748
2025-11-22,20251103_642385904_350373617_8733,350373617,550,108.4226
2025-11-22,20251122_366689235_730788982_0725,366689235,528,93.1044
2025-11-22,20251122_366689235_730788982_0725,730788982,-466,105.3406
2025-11-23,20251123_025016525_188101253_1707,025016525,417,102.9940
2025-11-23,20251123_025016525_188101253_1707,188101253,-434,98.9704
2025-11-23,20251111_146524941_986426820_4222,146524941,-494,96.7325
2025-11-23,20251111_146524941_986426820_4222,986426820,496,96.8345
2025-11-23,20251114_371932869_927236237_5814,371932869,-296,101.9698
2025-11-23,20251114_371932869_927236237_5814,927236237,320,94.5116
2025-11-23,20251115_536197238_951877531_8313,536197238,-505,98.1058
2025-11-23,20251115_536197238_951877531_8313,951877531,475,104.4723
2025-11-24,20251117_347268714_240733675_3017,347268714,-597,98.5198
2025-11-24,20251117_347268714_240733675_3017,240733675,587,100.1390
2025-11-24,20251115_345066049_103791146_0638,345066049,-558,99.2115
2025-11-24,20251115_345066049_103791146_0638,103791146,508,109.2053
2025-11-24,20251124_290868910_095973267_5831,290868910,577,105.5955
2025-11-24,20251124_290868910_095973267_5831,095973267,-604,100.9068
2025-11-24,20251124_227523968_416790061_2008,227523968,447,103.6983
2025-11-24,20251124_227523968_416790061_2008,416790061,-475,97.6699
2025-11-24,20251124_051369931_964499673_3634,051369931,476,110.6731
2025-11-24,20251124_051369931_964499673_3634,964499673,-564,93.5476
2025-11-25,20251109_224319181_174352249_1571,224319181,-627,99.4028
2025-11-25,20251109_224319181_174352249_1571,174352249,604,103.1417
2025-11-25,20251108_017673103_861330689_6363,017673103,-731,95.1163
2025-11-25,20251108_017673103_861330689_6363,861330689,673,103.6175
2025-11-25,20251105_339552598_394660677_1870,339552598,-581,101.8248
2025-11-25,20251105_339552598_394660677_1870,394660677,556,105.9636
2025-11-25,20251125_578096463_814679471_9724,578096463,567,96.1443
2025-11-25,20251125_578096463_814679471_9724,814679471,-552,98.7508
2025-11-25,20251119_133626704_309592304_5423,133626704,-343,109.7165
2025-11-25,20251119_133626704_309592304_5423,309592304,364,103.4273
2025-11-26,20251126_676924307_259616526_0614,676924307,562,105.8177
2025-11-26,20251126_676924307_259616526_0614,259616526,-622,95.5255
2025-11-26,20251106_050288400_020226279_8965,050288400,-325,96.0291
2025-11-26,20251106_050288400_020226279_8965,020226279,336,92.3063
2025-11-26,20251126_883751991_167403959_4831,883751991,409,100.0542
2025-11-26,20251126_883751991_167403959_4831,167403959,-442,92.5733
2025-11-26,20251126_621096827_697432403_6070,621096827,604,97.1019
2025-11-26,20251126_621096827_697432403_6070,697432403,-578,101.4448
2025-11-27,20251121_111571247_572360924_7391,111571247,-415,105.1916
2025-11-27,20251121_111571247_572360924_7391,572360924,462,94.3950
2025-11-27,20251111_191506476_830429577_0024,191506476,-489,109.7658
2025-11-27,20251111_191506476_830429577_0024,830429577,577,92.6279
2025-11-27,20251110_601539176_930986712_6041,601539176,-343,109.9423
2025-11-27,20251110_601539176_930986712_6041,930986712,393,95.9401
2025-11-28,20251113_936401366_611614932_4777,936401366,-395,104.9325
2025-11-28,20251113_936401366_611614932_4777,611614932,368,112.1289
2025-11-28,20251115_706853063_407680663_9221,706853063,-565,110.1596
2025-11-28,20251115_706853063_407680663_9221,407680663,608,102.3788
2025-11-29,20251129_649884992_105638762_4512,649884992,505,105.5904
2025-11-29,20251129_649884992_105638762_4512,105638762,-575,92.7410
2025-11-29,20251122_366689235_730788982_0725,366689235,-528,92.9766
2025-11-29,20251122_366689235_730788982_0725,730788982,466,105.1606
2025-11-30,20251130_750312639_935104354_3609,750312639,496,104.2623
2025-11-30,20251130_750312639_935104354_3609,935104354,-473,109.3450
2025-11-30,20251130_345150572_982273424_5837,345150572,456,99.9919
2025-11-30,20251130_345150572_982273424_5837,982273424,-460,99.2724
2025-12-01,20251115_598108649_948246128_6992,598108649,-571,96.9506
2025-12-01,20251115_598108649_948246128_6992,948246128,533,104.2978
2025-12-02,20251115_446242745_081121600_4611,446242745,-288,106.4855
2025-12-02,20251115_446242745_081121600_4611,081121600,270,112.6855
2025-12-02,20251119_350883540_644483312_8269,350883540,-289,105.1199
2025-12-02,20251119_350883540_644483312_8269,644483312,328,92.8963
2025-12-02,20251124_227523968_416790061_2008,227523968,-447,103.6506
2025-12-02,20251124_227523968_416790061_2008,416790061,475,97.7043
2025-12-03,20251203_992821835_845785681_9307,992821835,389,108.1745
2025-12-03,20251203_992821835_845785681_9307,845785681,-426,98.8387
2025-12-03,20251203_452810846_917418753_5610,452810846,363,105.6105
2025-12-03,20251203_452810846_917418753_5610,917418753,-395,97.1987
2025-12-04,20251204_893419340_615372780_8844,893419340,676,100.3964
2025-12-04,20251204_893419340_615372780_8844,615372780,-712,95.2619
2025-12-04,20251123_025016525_188101253_1707,025016525,-417,102.5603
2025-12-04,20251123_025016525_188101253_1707,188101253,434,98.9625
2025-12-04,20251204_012322624_113739882_5804,012322624,538,98.4013
2025-12-04,20251204_012322624_113739882_5804,113739882,-479,110.5884
2025-12-04,20251204_980849582_676869634_9698,980849582,511,103.9939
2025-12-04,20251204_980849582_676869634_9698,676869634,-525,101.2104
2025-12-05,20251118_496829903_010890391_7886,496829903,-717,94.7490
2025-12-05,20251118_496829903_010890391_7886,010890391,631,107.6181
2025-12-05,20251205_354610705_886536874_9871,354610705,502,105.9696
2025-12-05,20251205_354610705_886536874_9871,886536874,-513,103.8506
2025-12-05,20251115_533133629_243762180_3841,533133629,-419,93.6970
2025-12-05,20251115_533133629_243762180_3841,243762180,419,94.2092
2025-12-06,20251206_556594742_440226511_6635,556594742,655,102.3494
2025-12-06,20251206_556594742_440226511_6635,440226511,-686,97.7463
2025-12-06,20251206_886366058_784734680_2901,886366058,317,107.6736
2025-12-06,20251206_886366058_784734680_2901,784734680,-326,104.8061
2025-12-06,20251116_259571075_176946992_7801,259571075,-507,93.8082
2025-12-06,20251116_259571075_176946992_7801,176946992,446,107.2550
2025-12-06,20251126_621096827_697432403_6070,621096827,-604,96.9803
2025-12-06,20251126_621096827_697432403_6070,697432403,578,101.1486
2025-12-06,20251124_051369931_964499673_3634,051369931,-476,110.4148
2025-12-06,20251124_051369931_964499673_3634,964499673,564,93.6552
2025-12-07,20251129_649884992_105638762_4512,649884992,-505,105.4972
2025-12-07,20251129_649884992_105638762_4512,105638762,575,92.7165
2025-12-07,20251207_946196215_621290755_1204,946196215,489,105.2053
2025-12-07,20251207_946196215_621290755_1204,621290755,-533,96.6582
2025-12-07,20251207_949841936_572426977_2046,949841936,577,96.7617
2025-12-07,20251207_949841936_572426977_2046,572426977,-547,101.9931
2025-12-07,20251118_076690676_818661921_2840,076690676,-508,102.8589
2025-12-07,20251118_076690676_818661921_2840,818661921,493,105.5058
2025-12-08,20251208_519088346_117948525_9176,519088346,341,101.6940
2025-12-08,20251208_519088346_117948525_9176,117948525,-343,101.0402
2025-12-08,20251208_969410813_454131066_6377,969410813,690,93.7814
2025-12-08,20251208_969410813_454131066_6377,454131066,-630,102.7465
2025-12-09,20251209_498251982_227804705_6597,498251982,404,105.5434
2025-12-09,20251209_498251982_227804705_6597,227804705,-421,101.2870
2025-12-09,20251209_929625670_295618485_2743,929625670,592,92.2569
2025-12-09,20251209_929625670_295618485_2743,295618485,-564,96.8131
2025-12-10,20251210_015987867_502118568_4293,015987867,552,106.5989
2025-12-10,20251210_015987867_502118568_4293,502118568,-554,106.2704
2025-12-10,20251210_412973669_194810172_0202,412973669,361,105.7962
2025-12-10,20251210_412973669_194810172_0202,194810172,-366,104.4006
2025-12-10,20251210_876530528_464738624_8033,876530528,459,109.0919
2025-12-10,20251210_876530528_464738624_8033,464738624,-517,97.0145
2025-12-11,20251211_060265395_407714528_5856,060265395,478,100.6641
2025-12-11,20251211_060265395_407714528_5856,407714528,-526,91.5846
2025-12-12,20251212_310444428_008318800_7070,310444428,391,107.9669
2025-12-12,20251212_310444428_008318800_7070,008318800,-464,91.0541
2025-12-12,20251205_354610705_886536874_9871,354610705,-502,106.1151
2025-12-12,20251205_354610705_886536874_9871,886536874,513,103.7438
2025-12-12,20251212_722063414_401028370_5592,722063414,335,108.4128
2025-12-12,20251212_722063414_401028370_5592,401028370,-351,103.6004
2025-12-12,20251126_676924307_259616526_0614,676924307,-562,105.8777
2025-12-12,20251126_676924307_259616526_0614,259616526,622,95.2142
2025-12-12,20251204_893419340_615372780_8844,893419340,-676,100.2655
2025-12-12,20251204_893419340_615372780_8844,615372780,712,95.0814
2025-12-12,20251212_442294850_835941076_5908,442294850,588,109.0080
2025-12-12,20251212_442294850_835941076_5908,835941076,-626,102.3987
2025-12-13,20251203_992821835_845785681_9307,992821835,-389,108.0954
2025-12-13,20251203_992821835_845785681_9307,845785681,426,98.9914
2025-12-13,20251124_290868910_095973267_5831,290868910,-577,105.8463
2025-12-13,20251124_290868910_095973267_5831,095973267,604,100.2525
2025-12-14,20251208_969410813_454131066_6377,969410813,-690,93.8305
2025-12-14,20251208_969410813_454131066_6377,454131066,630,102.5842
2025-12-15,20251210_015987867_502118568_4293,015987867,-552,106.5666
2025-12-15,20251210_015987867_502118568_4293,502118568,554,106.3109
2025-12-15,20251210_412973669_194810172_0202,412973669,-361,105.7881
2025-12-15,20251210_412973669_194810172_0202,194810172,366,104.3114
2025-12-15,20251125_578096463_814679471_9724,578096463,-567,95.6213
2025-12-15,20251125_578096463_814679471_9724,814679471,552,98.9956
2025-12-16,20251206_556594742_440226511_6635,556594742,-655,102.1498
2025-12-16,20251206_556594742_440226511_6635,440226511,686,97.3004
2025-12-16,20251126_883751991_167403959_4831,883751991,-409,99.2891
2025-12-16,20251126_883751991_167403959_4831,167403959,442,92.9439
2025-12-18,20251212_442294850_835941076_5908,442294850,-588,109.0406
2025-12-18,20251212_442294850_835941076_5908,835941076,626,102.4525
2025-12-19,20251130_750312639_935104354_3609,750312639,-496,103.7372
2025-12-19,20251130_750312639_935104354_3609,935104354,473,109.1313
2025-12-19,20251130_345150572_982273424_5837,345150572,-456,99.6194
2025-12-19,20251130_345150572_982273424_5837,982273424,460,98.9120
2025-12-20,20251207_949841936_572426977_2046,949841936,-577,96.7046
2025-12-20,20251207_949841936_572426977_2046,572426977,547,101.4916
2025-12-20,20251210_876530528_464738624_8033,876530528,-459,108.8674
2025-12-20,20251210_876530528_464738624_8033,464738624,517,97.0436
2025-12-20,20251204_012322624_113739882_5804,012322624,-538,98.6103
2025-12-20,20251204_012322624_113739882_5804,113739882,479,110.4069
2025-12-21,20251203_452810846_917418753_5610,452810846,-363,105.6588
2025-12-21,20251203_452810846_917418753_5610,917418753,395,96.5054
2025-12-22,20251209_498251982_227804705_6597,498251982,-404,105.5017
2025-12-22,20251209_498251982_227804705_6597,227804705,421,101.1794
2025-12-23,20251212_722063414_401028370_5592,722063414,-335,108.3258
2025-12-23,20251212_722063414_401028370_5592,401028370,351,103.2321
2025-12-23,20251207_946196215_621290755_1204,946196215,-489,104.4613
2025-12-23,20251207_946196215_621290755_1204,621290755,533,96.3281
2025-12-23,20251204_980849582_676869634_9698,980849582,-511,103.9557
2025-12-23,20251204_980849582_676869634_9698,676869634,525,100.7273
2025-12-24,20251206_886366058_784734680_2901,886366058,-317,107.5963
2025-12-24,20251206_886366058_784734680_2901,784734680,326,104.4452
2025-12-24,20251209_929625670_295618485_2743,929625670,-592,91.7302
2025-12-24,20251209_929625670_295618485_2743,295618485,564,96.8044
2025-12-25,20251212_310444428_008318800_7070,310444428,-391,107.6627
2025-12-25,20251212_310444428_008318800_7070,008318800,464,90.5669
2025-12-27,20251211_060265395_407714528_5856,060265395,-478,100.2532
2025-12-27,20251211_060265395_407714528_5856,407714528,526,91.0335
2025-12-28,20251208_519088346_117948525_9176,519088346,-341,101.5921
2025-12-28,20251208_519088346_117948525_9176,117948525,343,100.9554
